word,freq,synonym,삭제여부,전문가 의미,길이
앱솔루트베이비웰lp분유,1,분유명,FALSE,,12
압타밀프로누트라플러스,1,분유명,FALSE,,11
오케타니마사지젖꼭지,1,젖꼭지브랜드명,FALSE,,10
앱솔센서티브조유방법,1,조유방법,FALSE,,10
압타밀프로푸트라프레,1,분유명,FALSE,,10
신생아앰솔루트궁분유,1,신생아분유,FALSE,,10
모유실감젖꼭지젖꼭지,1,모유실감젖꼭지,FALSE,,10
엘프슈타펠분유포트,1,분유포트,FALSE,,9
압타밀분유조유방법,1,조유방법,FALSE,,9
분유량줄어드는시기,1,분유량정체시기,FALSE,,9
퓨어락로얄플러스,2,브랜드명,FALSE,,8
트루맘뉴클래스퀸,1,분유명,FALSE,,8
쿠첸오토분유포트,1,분유포트브랜드명,FALSE,,8
일동산양분유단계,1,분유단계,FALSE,,8
이마트압타밀단계,2,분유단계,FALSE,,8
앱솔루트베이비웰,1,분유명,FALSE,,8
압타밀프로푸트라,3,분유명,FALSE,,8
압타밀누트라단계,1,분유단계,FALSE,,8
신형베이비브레짜,1,브랜드명,FALSE,,8
센트럴시티터미널,1,장소,FALSE,,8
설사해요약안먹으,1,대변양상,FALSE,,8
분유바꿔야할까요,3,분유교체,FALSE,,8
분유교체방법이요,3,분유교체방법,FALSE,,8
베이비브레짜신형,3,브랜드명,FALSE,,8
베비언스액상분유,3,분유명,FALSE,,8
갈아조유방법이요,9,갈아타는방법,FALSE,,8
아이엠아이엠마더,,분유명,FALSE,,8
혼합하려는데요,2,혼합수유,FALSE,,7
하루기저귀갯수,1,기저귀개수,FALSE,,7
하드코어버닝티,1,음식,FALSE,,7
프리바이오틱스,1,유산균,FALSE,,7
프로바이오틱스,3,유산균,FALSE,,7
트루맘액상분유,3,분유명,FALSE,,7
트루맘액상니플,1,젖병젖꼭지,FALSE,,7
트루맘뉴클래스,1,분유명,FALSE,,7
콘투락투벡스겔,1,연고,FALSE,,7
젖병거부인가요,2,젖병거부,FALSE,,7
젖꼭지사이즈요,,젖꼭지사이즈,FALSE,,7
이마트압타밀먹,1,분유명,FALSE,,7
유축하라는데요,2,유축,FALSE,,7
왜그러는걸까요,2,질문,FALSE,,7
왕초초초보엄마,1,초보맘,FALSE,,7
완모유두보호기,1,유두보호기,FALSE,,7
오케타니젖꼭지,1,젖꼭지브랜드명,FALSE,,7
오브맘액상분유,1,분유명,FALSE,,7
오물오물거려요,1,오물오물,FALSE,,7
액상분유추천요,2,액상분유추천,FALSE,,7
애기기저귀갯수,1,기저귀수,FALSE,,7
압타밀ha분유,1,분유명,FALSE,,7
압타밀ar분유,1,분유명,FALSE,,7
압타밀프루푸트,1,분유명,FALSE,,7
압타밀프로푸트,1,분유명,FALSE,,7
압타밀프로누트,1,분유명,FALSE,,7
압타밀킨더밀쉬,1,킨더밀쉬,FALSE,,7
압타밀질문이요,2,분유명,FALSE,,7
압타밀액상프레,1,분유명,FALSE,,7
압타밀액상분유,2,분유명,FALSE,,7
압타밀누트라랑,1,분유명,FALSE,,7
안티푸라민이요,2,약,FALSE,,7
아이엠아이엠마,2,분유명,FALSE,,7
아세트아미노펜,1,약,FALSE,,7
신생아일분유량,1,신생아분유량,FALSE,,7
시작하려는데요,3,시작,FALSE,,7
스트레스받아요,13,스트레스,FALSE,,7
스트레스받네요,6,스트레스,FALSE,,7
수유하려는데요,2,수유,FALSE,,7
수유텀질문이요,2,수유텀,FALSE,,7
사레들리는데요,1,사레,FALSE,,7
분유량정체시기,1,분유정체기,FALSE,,7
뱃고레늘리는법,1,뱃구레늘리는법,FALSE,,7
배앓이를하나요,1,영아산통,FALSE,,7
모유수유하면요,2,모유수유,FALSE,,7
모유수유량이요,4,모유수유량,FALSE,,7
모유수유도와주,2,모유수유,FALSE,,7
모유수유간이요,8,모유수유시간,FALSE,,7
도와주세요제발,2,도움요청,FALSE,,7
더블하트젖꼭지,1,젖꼭지브랜드명,FALSE,,7
대변양상했는데,2,대변양상,FALSE,,7
대변양상하면요,3,대변양상,FALSE,,7
대변양상하는데,4,대변양상,FALSE,,7
대변양상하나요,2,대변양상,FALSE,,7
개월아기분유량,3,분유량,FALSE,,7
갈아타려는데요,15,갈아타다,FALSE,,7
힙분유수유텀,2,분유수유텀,FALSE,,6
힙분유수유량,4,분유수유량,FALSE,,6
힙분유량계산,1,분유량계산,FALSE,,6
혼합하려고요,1,혼합수유,FALSE,,6
혼합수유하시,30,혼합수유,FALSE,,6
혼합수유하기,2,혼합수유,FALSE,,6
혼합수유고민,1,혼합수유고민,FALSE,,6
헤모렉스크림,1,연고,FALSE,,6
헛구역질해요,3,헛구역질,FALSE,,6
헛구역질이요,1,헛구역질,FALSE,,6
함몰유두유축,1,함몰유두,FALSE,,6
한시간걸려요,1,시간,FALSE,,6
하루총분유량,1,총분유량,FALSE,,6
하루먹는총량,1,총수유량,FALSE,,6
하고픈데의사,1,의사,FALSE,,6
프로센서티브,1,분유명,FALSE,,6
프로바이오틱,1,유산균,FALSE,,6
퓨어락먹는중,1,브랜드명,FALSE,,6
퇴소했는데요,1,조리원퇴소,FALSE,,6
통잠잤었는데,1,통잠,FALSE,,6
통잠자는데요,4,통잠,FALSE,,6
통잠시기저귀,1,통잠,FALSE,,6
토도같이해요,1,구토,FALSE,,6
콘트라투벡스,1,연고,FALSE,,6
치료방법이요,1,치료방법,FALSE,,6
충격받았어요,2,충격,FALSE,,6
충격받아서요,1,충격,FALSE,,6
출장불렀어요,1,출장마사지,FALSE,,6
추천해주세요,12,추천,FALSE,,6
총수유량이요,3,총수유량,FALSE,,6
초유색문의드,1,초유색깔,FALSE,,6
초유밀플러스,1,초유밀,FALSE,,6
초보맘인데요,1,초보맘,FALSE,,6
첫수유했는데,2,첫수,FALSE,,6
챙겨드시나요,6,챙겨먹다,FALSE,,6
챙겨드셨어요,1,챙기다,FALSE,,6
참아야되는거,1,참는다,FALSE,,6
차가워지면요,1,차갑다,FALSE,,6
찡얼대는데요,1,칭얼대다,FALSE,,6
찌릿찌릿한데,1,찌릿하다,FALSE,,6
찌릿거리는데,1,찌릿하다,FALSE,,6
쭈쭈베이비요,2,유두보호기,FALSE,,6
쪼그라들어요,1,쪼그라들다,FALSE,,6
집어던졌어요,1,집어던지다,FALSE,,6
진수완모아기,3,직수완모아기,FALSE,,6
직수유축하시,1,유축,FALSE,,6
쥐어짜는듯한,1,쥐어짜다,FALSE,,6
중탕했는데요,1,모유중탕,FALSE,,6
중인데언제쯤,1,시기,FALSE,,6
중이에요너무,1,너무,FALSE,,6
줄었어요방법,1,모유늘리는법,FALSE,,6
줄어드는데요,1,감소,FALSE,,6
좋아해요분유,1,분유,FALSE,,6
조제식분유요,1,분유명,FALSE,,6
조제분유추천,2,분유추천,FALSE,,6
조제방법이요,2,조유방법,FALSE,,6
조유방법이요,12,조유방법,FALSE,,6
조언좀부탁드,1,조언,FALSE,,6
조리원퇴실전,1,조리원퇴소,FALSE,,6
조리원인데요,21,조리원,FALSE,,6
제왕절개한지,2,제왕절개,FALSE,,6
제공해준대요,1,제공,FALSE,,6
젖이안돌아요,1,젖이안돈다,FALSE,,6
젖이안돌까요,1,젖이안돈다,FALSE,,6
젖이빨리차요,1,젖이돈다,FALSE,,6
젖이말랐어요,1,단유,FALSE,,6
젖을안먹어요,1,안먹는다,FALSE,,6
젖양줄이는법,3,단유방법,FALSE,,6
젖양부족이요,1,모유량감소,FALSE,,6
젖병젖꼭지요,3,젖병젖꼭지,FALSE,,6
젖병소독해야,1,젖병소독,FALSE,,6
젖몸살인데요,1,젖몸살,FALSE,,6
젖몸살인가요,1,젖몸살,FALSE,,6
젖량되시는데,1,모유량,FALSE,,6
정체기인가요,1,정체기,FALSE,,6
접종했는데요,1,접종,FALSE,,6
적은거같아요,1,적다,FALSE,,6
잘못맞췄어요,1,잘못하다,FALSE,,6
자연스런완분,1,완분,FALSE,,6
자연분만한지,1,자연분만,FALSE,,6
자연단유현상,1,자연단유,FALSE,,6
자연단유잘하,1,자연단유,FALSE,,6
자분했는데요,1,자연분만,FALSE,,6
일주일_어요,2,기간,FALSE,,6
일아기수유텀,1,수유텀,FALSE,,6
일아가분유량,1,분유량,FALSE,,6
일동산양분유,1,분유명,FALSE,,6
이틀째인데요,1,기간,FALSE,,6
이유가뭘까요,1,질문,FALSE,,6
이민트압타밀,1,분유명,FALSE,,6
이마트힙이랑,1,분유명,FALSE,,6
이마트압타밀,6,분유명,FALSE,,6
의사선생님들,1,의사,FALSE,,6
응급실인데요,1,응급실,FALSE,,6
유축을했는데,1,유축,FALSE,,6
유축수유하시,,유축수유,FALSE,,6
유축방법이요,4,유축방법,FALSE,,6
유선염인가요,1,유선염,FALSE,,6
유선염같아요,1,유선염,FALSE,,6
유목민인데요,1,유목민,FALSE,,6
유륜각질이요,1,유륜각질,FALSE,,6
유량조절이요,1,분유량조절,FALSE,,6
유두혼동이요,3,유두혼동,FALSE,,6
유두혼동개인,1,유두혼동,FALSE,,6
유두통증이요,1,유두통증,FALSE,,6
유두보호기하,1,유두보호기,FALSE,,6
유두보호기여,1,유두보호기,FALSE,,6
유두백반이요,1,유두백반,FALSE,,6
위장약들이요,1,약,FALSE,,6
위드맘첫우유,1,우유,FALSE,,6
원래이런가요,1,질문,FALSE,,6
원래이러나요,1,질문,FALSE,,6
울어버리네요,1,운다,FALSE,,6
왜그런걸까요,3,질문,FALSE,,6
왜그런건가요,1,질문,FALSE,,6
왕초보맘입니,1,초보맘,FALSE,,6
완분하신분들,1,완분,FALSE,,6
완분가야겟죠,1,완분,FALSE,,6
완모하신분들,1,완모맘,FALSE,,6
완모하려면요,1,완모,FALSE,,6
완모하고픈데,3,완모,FALSE,,6
완모중잉데요,1,완모,FALSE,,6
완모수유부님,1,완모맘,FALSE,,6
온찜질해줘야,1,온찜질,FALSE,,6
옥수수수염차,1,음식,FALSE,,6
오스트리아힙,3,분유명,FALSE,,6
오스트레이산,1,분유명,FALSE,,6
오물오물거릴,1,오물오물,FALSE,,6
오물오물거리,1,오물오물,FALSE,,6
열탕해야겠죠,1,열탕소독,FALSE,,6
열탕소독해야,2,열탕소독,FALSE,,6
열탕소독하시,1,열탕소독,FALSE,,6
열탕소독이요,1,열탕소독,FALSE,,6
없어진다네요,1,없어진다,FALSE,,6
업그레이드해,1,분유단계업,FALSE,,6
업그레이드할,1,젖꼭지사이즈업,FALSE,,6
언제까진가요,1,언제,FALSE,,6
어찌하실래요,1,질문,FALSE,,6
어머님들이요,1,엄마,FALSE,,6
어렵네요다들,1,어렵다,FALSE,,6
어려워요저만,1,어렵다,FALSE,,6
앱솔센서티브,2,분유명,FALSE,,6
앱솔명작이랑,1,분유명,FALSE,,6
액상조유방법,1,조유방법,FALSE,,6
액상분유하시,1,액상분유,FALSE,,6
애기분유량좀,1,분유량,FALSE,,6
압타밀vs힙,1,분유선택,FALSE,,6
압타밀프레먹,1,분유명,FALSE,,6
압타밀푸트라,1,분유명,FALSE,,6
압타밀이물질,1,분유이물질,FALSE,,6
압타밀이마트,1,분유명,FALSE,,6
압타밀누트라,1,분유명,FALSE,,6
아파요도와주,3,통증,FALSE,,6
아이엠이물질,1,분유이물질,FALSE,,6
아이엠마더요,1,분유명,FALSE,,6
아이엠마더랑,2,분유명,FALSE,,6
아기대변양상,2,대변양상,FALSE,,6
신생아인데요,3,신생아,FALSE,,6
신생아분유량,3,분유량,FALSE,,6
스테로이드제,1,약,FALSE,,6
수유텀하루종,1,수유텀,FALSE,,6
수유시간이요,21,수유시간,FALSE,,6
수유수면패턴,1,수면패턴,FALSE,,6
수유부엄마들,1,수유부,FALSE,,6
수유부맘님들,1,수유부,FALSE,,6
수유두드러기,2,두드러기,FALSE,,6
생리하셨나요,4,생리,FALSE,,6
새벽수유하시,5,새벽수유,FALSE,,6
새벽수유안하,1,새벽수유,FALSE,,6
새벽수유부활,2,새벽수유,FALSE,,6
삼성서울병원,1,병원명,FALSE,,6
산후도우미분,5,산후도우미,FALSE,,6
산후도우미님,2,산후도우미,FALSE,,6
산후관리사분,1,산후관리사,FALSE,,6
사용기간이요,2,사용기간,FALSE,,6
브랜드명신형,3,브랜드명,FALSE,,6
브랜드명사용,1,브랜드명,FALSE,,6
분유추천이욥,1,분유추천,FALSE,,6
분유추천도요,1,분유추천,FALSE,,6
분유스푼이요,1,분유수푼,FALSE,,6
분유수유하시,7,분유수유,FALSE,,6
분유수유텀요,8,분유수유텀,FALSE,,6
분유량좀봐주,6,분유량,FALSE,,6
분유단계업글,1,분유단계업,FALSE,,6
분유거부해서,1,분유거부,FALSE,,6
분유거부인지,1,분유거부,FALSE,,6
분수토급해요,1,분수토,FALSE,,6
부탁드릴게요,10,부탁,FALSE,,6
보관방법이요,1,보관방법,FALSE,,6
베이비브레짜,50,브랜드명,FALSE,,6
밤수패턴엉망,1,밤수패턴,FALSE,,6
밤수유콜이요,1,밤수유콜,FALSE,,6
밤수끊으신분,1,밤수끊기,FALSE,,6
바꾸려는데요,14,교체,FALSE,,6
모유수유해서,1,모유수유,FALSE,,6
모유수유하기,4,모유수유,FALSE,,6
모유수유텀좀,1,모유수유텀,FALSE,,6
모유수유텀요,7,모유수유텀,FALSE,,6
모유수유텀여,1,모유수유텀,FALSE,,6
모유수유작하,1,모유수유시작,FALSE,,6
모유수유작도,1,모유수유시작,FALSE,,6
모유수유량쪽,8,모유수유양쪽,FALSE,,6
모유수유다들,1,모유수유,FALSE,,6
모유수유너무,1,모유수유,FALSE,,6
모유수유기름,1,모유기름,FALSE,,6
모유부족한데,4,모유부족,FALSE,,6
모유보관방법,10,보관방법,FALSE,,6
모유량비대칭,1,비대칭,FALSE,,6
모유단유고민,1,단유고민,FALSE,,6
먹이려는데요,5,먹이다,FALSE,,6
맥심커피믹스,1,음식,FALSE,,6
말랑해질까요,2,말랑하다,FALSE,,6
말랑해지나요,3,말랑하다,FALSE,,6
말랑해졌어요,2,말랑하다,FALSE,,6
막수시간이요,1,막수시간,FALSE,,6
마지막수유한,1,막수,FALSE,,6
마지막수유텀,1,막수텀,FALSE,,6
마지막수유량,1,막수량,FALSE,,6
뢰벤짠분유먹,1,분유명,FALSE,,6
똑떨어졌는데,2,사용,FALSE,,6
동완모유수유,2,모유수유,FALSE,,6
더블하트젖병,1,브랜드명,FALSE,,6
대변양상해요,5,대변양상,FALSE,,6
대변양상이요,6,대변양상,FALSE,,6
단유도전이요,1,단유도전,FALSE,,6
다이어트하시,1,다이어트,FALSE,,6
너무안먹어요,3,안먹다,FALSE,,6
너무너무너무,3,너무,FALSE,,6
관련질문이요,2,질문,FALSE,,6
게워냈는데요,2,게워내다,FALSE,,6
게워내는데요,2,게워내다,FALSE,,6
개월분유단계,2,분유단계,FALSE,,6
갈아타려면요,2,교체,FALSE,,6
갈아조유방법,59,갈아타는방법,FALSE,,6
여러분들이라,,,TRUE,,6
모유\+분유,,,TRUE,,6
힙킨더밀쉬,1,킨더밀쉬,FALSE,,5
힙콤비오틱,2,분유명,FALSE,,5
힙액상분유,1,분유명,FALSE,,5
힙분유스푼,1,분유스푼,FALSE,,5
힙분유수유,3,분유수유,FALSE,,5
힙분유물양,1,분유물양,FALSE,,5
힙분유맹맛,1,분유명,FALSE,,5
힙분유단계,15,분유단계,FALSE,,5
힙분유교체,9,분유교체,FALSE,,5
힙분유개봉,1,분유개봉,FALSE,,5
힙바이오틱,1,분유명,FALSE,,5
환불받아보,1,환불,FALSE,,5
홀쭉해지진,1,홀쭉하다,FALSE,,5
혼합수유분,1,혼합수유,FALSE,,5
혼합수유량,1,혼합수유,FALSE,,5
혼란왔어요,1,혼란,FALSE,,5
호주압타밀,1,분유명,FALSE,,5
현타왔어요,1,현타,FALSE,,5
헷갈려져요,1,헷갈리다,FALSE,,5
헤어클리닉,1,미용,FALSE,,5
항문찢어짐,1,항문상처,FALSE,,5
함몰유두용,1,함몰유두,FALSE,,5
한국압타밀,1,분유명,FALSE,,5
하려는데요,14,예정,FALSE,,5
필수일지요,1,필수,FALSE,,5
피시콜라겐,3,영양제,FALSE,,5
피로회복제,1,영양제,FALSE,,5
피가났어요,1,혈액,FALSE,,5
플레이텍스,1,브랜드명,FALSE,,5
프로푸트라,66,분유명,FALSE,,5
프로누트라,1,분유명,FALSE,,5
프라푸치노,1,음식,FALSE,,5
퓨어락vs,2,브랜드명,FALSE,,5
퓨어락조유,1,조유방법,FALSE,,5
폴로네이즈,1,브랜드명,FALSE,,5
포기해얄까,1,포기,FALSE,,5
평소분유량,1,분유량,FALSE,,5
펨도피러스,1,유산균명,FALSE,,5
페스탈로치,3,분유명,FALSE,,5
패턴인데요,1,패턴,FALSE,,5
패닉이에요,1,패닉,FALSE,,5
파인애플식,1,음식,FALSE,,5
트리트먼트,1,미용,FALSE,,5
트름토냄새,1,구토냄새,FALSE,,5
트루맘액상,1,분유명,FALSE,,5
퇴소했는데,3,조리원퇴소,FALSE,,5
통잠재우시,1,통잠,FALSE,,5
통잠잤어요,1,통잠,FALSE,,5
통잠잤는데,1,통잠,FALSE,,5
통잠자면요,1,통잠,FALSE,,5
통잠자는데,12,통잠,FALSE,,5
통잠자나요,1,통잠,FALSE,,5
통곡마사지,1,아이통곡마사지,FALSE,,5
킨더밀쉬랑,1,킨더밀쉬,FALSE,,5
큰일이어요,1,큰일,FALSE,,5
콤바이오틱,1,분유명,FALSE,,5
코알라분유,3,분유명,FALSE,,5
커피포트요,1,커피포트,FALSE,,5
캘리포니아,1,브랜드명,FALSE,,5
캐럴비콜드,1,약,FALSE,,5
카버락틴정,4,약,FALSE,,5
침전물이요,1,침전물,FALSE,,5
치즈케이크,2,음식,FALSE,,5
출산하자마,1,출산,FALSE,,5
추천주세요,1,추천,FALSE,,5
초유밀이요,1,초유밀,FALSE,,5
초보맘에요,1,초보맘,FALSE,,5
초보맘분유,1,초보맘,FALSE,,5
첫수막수만,1,첫수막수,FALSE,,5
천도복숭아,1,음식,FALSE,,5
처음인데요,1,처음,FALSE,,5
참고하세요,1,참고,FALSE,,5
찡찡거리다,1,칭얼대다,FALSE,,5
찡찡거리거,1,칭얼대다,FALSE,,5
찌릿찌릿함,1,찌릿하다,FALSE,,5
찌르르해요,1,찌릿하다,FALSE,,5
쮸쮸젖꼭지,6,유두보호기,FALSE,,5
쭈쭈젖꼭지,,유두보호기,FALSE,,5
쭈쭈베이비,18,유두보호기,FALSE,,5
쪽쪽이다들,1,쪽쪽이,FALSE,,5
쪼그라들면,1,쪼그라들다,FALSE,,5
쩝쩝대는데,1,쩝쩝대다,FALSE,,5
짝가슴이요,1,짝가슴,FALSE,,5
질문이요~,,질문,FALSE,,5
질문이요_,,질문,FALSE,,5
직수후유축,1,유축,FALSE,,5
직구압타밀,1,분유명,FALSE,,5
전분유아기,1,분유아기,FALSE,,5
잘안먹어요,1,안먹는다,FALSE,,5
자연단유중,2,자연단유,FALSE,,5
자연단유방,3,자연단유방법,FALSE,,5
자양강장제,1,영양제,FALSE,,5
일차인데요,10,개월,FALSE,,5
일째인데요,14,개월,FALSE,,5
일부분유선,1,유선,FALSE,,5
일루마분유,1,분유명,FALSE,,5
일동후디스,19,브랜드명,FALSE,,5
일동분유명,6,분유명,FALSE,,5
인파트리니,1,분유명,FALSE,,5
이부프로펜,1,약,FALSE,,5
이롬셀푸드,1,음식,FALSE,,5
이레놀이요,2,약,FALSE,,5
이레놀이알,2,약,FALSE,,5
의사선생님,3,의사,FALSE,,5
유축량이요,9,유축량,FALSE,,5
유선염이요,7,유선염,FALSE,,5
유산균음료,1,유산균,FALSE,,5
유방마사지,3,가슴마사지,FALSE,,5
유두백반증,3,유두백반,FALSE,,5
원기회복제,1,약,FALSE,,5
왕초보엄마,1,초보맘,FALSE,,5
오징어굽기,1,용쓰기,FALSE,,5
오일만주스,1,음식,FALSE,,5
오스트리아,16,분유명,FALSE,,5
오가피나무,1,음식,FALSE,,5
예정인데요,11,예정,FALSE,,5
영양분이요,1,영양분,FALSE,,5
염증이있다,1,염증,FALSE,,5
열탕소독할,1,열탕소독,FALSE,,5
여쭤볼게요,7,질문,FALSE,,5
여아분유량,1,분유량,FALSE,,5
엘프슈타펠,3,브랜드명,FALSE,,5
엘지프라엘,1,미용,FALSE,,5
에브리데이,2,브랜드명,FALSE,,5
엉망이_거,1,엉망,FALSE,,5
엄마젖거부,2,모유거부,FALSE,,5
엄마인가요,1,엄마,FALSE,,5
얼려놨는데,1,냉동보관,FALSE,,5
언제부턴지,1,언제,FALSE,,5
어드밴티지,1,분유명,FALSE,,5
양념불고기,1,음식,FALSE,,5
약해_어요,1,약하다,FALSE,,5
앱솔루트본,2,분유명,FALSE,,5
액상분유통,1,분유통,FALSE,,5
액상분유요,31,액상분유,FALSE,,5
액상분유사,1,액상분유,FALSE,,5
액상분유량,1,액상분유,FALSE,,5
액상분유두,1,액상분유,FALSE,,5
압타밀ha,3,분유명,FALSE,,5
압타밀프레,13,분유명,FALSE,,5
압타밀펩티,1,분유명,FALSE,,5
압타밀주문,1,분유명,FALSE,,5
압타밀액상,1,분유명,FALSE,,5
압타밀스푼,1,분유명,FALSE,,5
압타밀분유,13,분유명,FALSE,,5
압타밀단계,21,분유단계,FALSE,,5
압타밀누트,1,분유명,FALSE,,5
알프레미오,1,브랜드명,FALSE,,5
알려주세요,8,조언,FALSE,,5
알레르기약,1,약,FALSE,,5
알러지일까,1,알레르기,FALSE,,5
알러지래요,1,알레르기,FALSE,,5
안티푸라민,1,약,FALSE,,5
안쓰러워요,1,안쓰럽다,FALSE,,5
안먹을때요,1,안먹는다,FALSE,,5
안먹는아기,1,안먹는다,FALSE,,5
안먹는데요,1,안먹는다,FALSE,,5
안먹기도하,1,안먹는다,FALSE,,5
아팠었는데,1,통증,FALSE,,5
아파요병원,1,통증,FALSE,,5
아이엠마더,94,분유명,FALSE,,5
아이스크림,4,음식,FALSE,,5
아메리카노,4,음식,FALSE,,5
아기인데요,30,아기,FALSE,,5
아기몸무게,1,체중,FALSE,,5
아가인데요,16,아기,FALSE,,5
아가엄마들,1,맘,FALSE,,5
싸이토텍정,1,약,FALSE,,5
신지로이드,1,약,FALSE,,5
스펙트라랑,1,유축기브랜드명,FALSE,,5
스테로이드,3,연고,FALSE,,5
순산양분유,1,분유명,FALSE,,5
수유양부족,1,수유량부족,FALSE,,5
수유부유방,1,부유방,FALSE,,5
수유량이요,26,수유량,FALSE,,5
수유량이랑,11,수유량,FALSE,,5
손눈썹연장,1,미용,FALSE,,5
센서티브랑,2,분유명,FALSE,,5
설소대시술,4,설소대수술,FALSE,,5
섞어먹여야,1,혼합,FALSE,,5
새벽수유해,4,새벽수유,FALSE,,5
산후조리원,15,조리원,FALSE,,5
산양유아식,4,분유명,FALSE,,5
산양분유요,9,분유명,FALSE,,5
산삼배양근,1,음식,FALSE,,5
브랜드명요,1,브랜드명,FALSE,,5
불규칙한데,1,불규칙,FALSE,,5
분유포트기,2,분유포트,FALSE,,5
분유추천요,,분유추천,FALSE,,5
분유유목민,1,유목민,FALSE,,5
분유압타밀,1,분유명,FALSE,,5
분유량이요,73,분유량,FALSE,,5
분유단계요,15,분유단계,FALSE,,5
분유거부한,2,분유거부,FALSE,,5
부탁드려요,17,부탁,FALSE,,5
베타차단제,1,약,FALSE,,5
베이비워터,2,아기생수,FALSE,,5
배앓이한다,1,영아산통,FALSE,,5
밀크플러스,1,모유촉진차브랜드명,FALSE,,5
모카케이크,2,음식,FALSE,,5
모자란데요,1,총수유량부족,FALSE,,5
모유유축량,1,유축량,FALSE,,5
모유수유해,41,모유수유,FALSE,,5
모유수유콜,1,수유콜,FALSE,,5
모유수유요,25,모유수유,FALSE,,5
모유수유설,1,모유수유시설,FALSE,,5
모유수유부,4,수유부,FALSE,,5
모유수유간,,모유수유시간,FALSE,,5
모유량이요,11,모유량,FALSE,,5
모유단유방,3,단유방법,FALSE,,5
모유+분유,,혼합수유,FALSE,,5
멀티비타민,2,비타민,FALSE,,5
맘선배님들,1,엄마,FALSE,,5
맘라떼모x,2,모유촉진차브랜드명,FALSE,,5
맘라떼모아,1,모유촉진차브랜드명,FALSE,,5
말랬는데요,1,하지말기,FALSE,,5
마지막수유,10,막수,FALSE,,5
마사지사가,2,마사지사,FALSE,,5
마더세이프,2,마더세이프상담센터,FALSE,,5
뢰벤짠분유,1,분유명,FALSE,,5
레이저제모,1,미용,FALSE,,5
랏토핏골드,1,유산균,FALSE,,5
락토플러스,1,단유차명,FALSE,,5
독일힙프레,1,분유명,FALSE,,5
독일압타밀,7,분유명,FALSE,,5
도와주세요,18,도움요청,FALSE,,5
데오드란트,2,미용,FALSE,,5
대처방법들,1,대처방법,FALSE,,5
대변양상할,4,대변양상,FALSE,,5
대변양상하,14,대변양상,FALSE,,5
단식투쟁중,1,단식투쟁,FALSE,,5
닥터브라운,45,브랜드명,FALSE,,5
니플사이즈,1,젖꼭지사이즈,FALSE,,5
뉴클래스퀸,1,분유명,FALSE,,5
높이는데요,1,업,FALSE,,5
노발락ad,1,분유명,FALSE,,5
노발락ac,1,분유명,FALSE,,5
네오케이트,1,분유명,FALSE,,5
네오칼디정,1,약,FALSE,,5
네뷸라이저,1,네블라이저,FALSE,,5
너무짧아요,1,짧다,FALSE,,5
너무아파요,4,통증,FALSE,,5
냉동유축유,1,냉동유축,FALSE,,5
내수용분유,55,내수용,FALSE,,5
내수용가스,1,내수용분유,FALSE,,5
깜놀했어요,1,놀라다,FALSE,,5
기저귀갯수,1,기저귀개수,FALSE,,5
궁금증이요,4,궁금증,FALSE,,5
고민이에요,2,분유고민,FALSE,,5
게워내는데,8,게워내다,FALSE,,5
개월분유량,1,분유량,FALSE,,5
감기약이요,1,약,FALSE,,5
갈아타기요,10,갈아타다,FALSE,,5
갈아입혀야,1,환복,FALSE,,5
간지러워요,10,가려움증,FALSE,,5
한다는데요,,,TRUE,,5
하시는분들,,,TRUE,,5
하라는데요,,,TRUE,,5
중인데잘하,,,TRUE,,5
중인데너무,,,TRUE,,5
잘아시는분,,,TRUE,,5
인가해서요,,,TRUE,,5
이러시는지,,,TRUE,,5
이러시나요,,,TRUE,,5
이러는지요,,,TRUE,,5
왔어요너무,,,TRUE,,5
올려요대체,,,TRUE,,5
안녕하세요,,,TRUE,,5
관련해서요,,,TRUE,,5
관련질문요,,,TRUE,,5
찌릿찌릿해,,찌릿하다,FALSE,,5
유축하세요,,유축,FALSE,,5
수유하세요,,수유,FALSE,,5
vs개월,1,개월,FALSE,,4
b형간염,2,비형간염,FALSE,,4
ar이요,2,분유명,FALSE,,4
a형간염,2,에이형간염,FALSE,,4
힙프레먹,2,분유명,FALSE,,4
힙프레랑,2,분유명,FALSE,,4
힙엄마들,1,엄마,FALSE,,4
힙분유하,1,분유명,FALSE,,4
힙분유텀,1,분유텀,FALSE,,4
힙분유요,8,분유명,FALSE,,4
힙분유아,1,분유명,FALSE,,4
힙분유물,1,분유물,FALSE,,4
힙분유로,3,분유명,FALSE,,4
힙분유량,2,분유량,FALSE,,4
힙분유랑,7,분유량,FALSE,,4
힙맘님들,1,엄마,FALSE,,4
힙뢰벤짠,1,분유명,FALSE,,4
흘러넘칠,1,젖양과다,FALSE,,4
흉터연고,3,연고,FALSE,,4
훗배앓이,1,영아산통,FALSE,,4
회분유량,2,분유량,FALSE,,4
회복해서,1,회복,FALSE,,4
황달이면,1,황달,FALSE,,4
황달아기,1,황달,FALSE,,4
활용방법,2,활용법,FALSE,,4
화이투벤,1,약,FALSE,,4
홍삼절편,1,음식,FALSE,,4
홈플러스,1,장소,FALSE,,4
혼합해서,1,혼합수유,FALSE,,4
혼합하시,43,혼합수유,FALSE,,4
혼합이요,3,혼합수유,FALSE,,4
혼합이든,1,혼합수유,FALSE,,4
혼합이긴,1,혼합수유,FALSE,,4
호환이요,1,호환,FALSE,,4
현명한지,1,현명하다,FALSE,,4
혀차는소,1,혀차다,FALSE,,4
헬이에요,1,지옥,FALSE,,4
헤켄이랑,1,브랜드명,FALSE,,4
헤로나민,1,철분제,FALSE,,4
헛빨아요,2,헛빨다,FALSE,,4
헛돌까요,1,헛돌다,FALSE,,4
행동이요,1,행동,FALSE,,4
핸즈프리,1,휴대용,FALSE,,4
해주세요,1,부탁,FALSE,,4
해요분유,1,분유,FALSE,,4
해요모죠,1,도움요청,FALSE,,4
해외여행,9,여행,FALSE,,4
해동이요,2,모유해동,FALSE,,4
해독주스,1,음식,FALSE,,4
항생제요,1,약,FALSE,,4
할까요힘,1,힘,FALSE,,4
한번봐주,2,부탁,FALSE,,4
하시나요,1,질문,FALSE,,4
하루하루,5,시간,FALSE,,4
하고픈데,2,소망,FALSE,,4
핑거루트,1,음식,FALSE,,4
플래티넘,1,분유명,FALSE,,4
프리미엄,9,분유명,FALSE,,4
프레스티,2,분유명,FALSE,,4
퓨어락먹,2,브랜드명,FALSE,,4
퓨어라고,5,분유명,FALSE,,4
품절이라,1,품절,FALSE,,4
풀어지질,1,풀어지다,FALSE,,4
푸트라요,1,분유명,FALSE,,4
포함해서,1,포함,FALSE,,4
포뮬러랑,1,분유명,FALSE,,4
포기하긴,2,포기,FALSE,,4
패턴이요,3,수유패턴,FALSE,,4
파인애플,1,음식,FALSE,,4
파스퇴르,32,브랜드명,FALSE,,4
특수분유,5,분유,FALSE,,4
트림이요,9,트림,FALSE,,4
트루맘퀸,1,분유명,FALSE,,4
트러플오,1,트러플오일,FALSE,,4
트러블요,1,트러블,FALSE,,4
퇴소해서,2,조리원퇴소,FALSE,,4
통증이요,8,통증,FALSE,,4
통잠재우,2,통잠,FALSE,,4
통잠자요,1,통잠,FALSE,,4
통잠자서,3,통잠,FALSE,,4
통잠자버,1,통잠,FALSE,,4
통잠이요,3,통잠,FALSE,,4
통잠이오,1,통잠,FALSE,,4
통잠이란,1,통잠,FALSE,,4
통잠언제,1,통잠,FALSE,,4
통일해서,1,통일,FALSE,,4
통곡마사,1,아이통곡마사지,FALSE,,4
토하면요,1,구토,FALSE,,4
토미티피,2,브랜드명,FALSE,,4
토급해요,1,구토,FALSE,,4
테라플루,1,약,FALSE,,4
텀좀봐주,1,수유텀,FALSE,,4
텀이요계,1,수유텀,FALSE,,4
텀이요_,1,수유텀,FALSE,,4
탱탱한데,1,단단,FALSE,,4
태반주사,1,미용,FALSE,,4
탈모샴푸,1,미용,FALSE,,4
탄산음료,7,음식,FALSE,,4
타임이요,1,수유시간,FALSE,,4
타이레놀,39,약,FALSE,,4
타미플루,1,약,FALSE,,4
타령하시,1,강요,FALSE,,4
타려면요,1,조유,FALSE,,4
킨더밀쉬,1,킨더밀쉬,FALSE,,4
크림치즈,1,음식,FALSE,,4
코스트코,1,장소,FALSE,,4
케어내요,2,게워내다,FALSE,,4
컴포트케,1,분유명,FALSE,,4
컨테이너,1,분유보관통,FALSE,,4
컥컥대다,2,사레,FALSE,,4
커피믹스,1,음식,FALSE,,4
커_어요,1,크다,FALSE,,4
캑캑해요,1,사레,FALSE,,4
캑캑대요,1,사레,FALSE,,4
캑캑거림,1,사레,FALSE,,4
캑캑거리,5,사레,FALSE,,4
카페라테,2,음식,FALSE,,4
카시트잘,1,카시트,FALSE,,4
카브리타,34,분유명,FALSE,,4
카버락틴,,약,FALSE,,4
카르보나,1,음식,FALSE,,4
친정엄마,3,지인,FALSE,,4
치킨이요,1,음식,FALSE,,4
치열이요,1,치열,FALSE,,4
측정이요,1,측정,FALSE,,4
충분한지,5,충분하다,FALSE,,4
충분한데,1,충분,FALSE,,4
출장마사,5,가슴마사지,FALSE,,4
출산한지,37,출산,FALSE,,4
출산하시,1,출산,FALSE,,4
출산일차,1,출산,FALSE,,4
출산일째,1,출산,FALSE,,4
추천이욥,1,추천,FALSE,,4
추천이요,33,추천,FALSE,,4
추천도요,1,추천,FALSE,,4
총양이요,4,총수유량,FALSE,,4
총분유량,4,총분유량,FALSE,,4
총량이요,3,총분유량,FALSE,,4
초콜릿색,1,색깔,FALSE,,4
초코초코,1,음식,FALSE,,4
초코우유,1,음식,FALSE,,4
초유포함,1,초유,FALSE,,4
초보엄마,1,초보맘,FALSE,,4
체중이요,2,체중,FALSE,,4
체중미달,1,저체중,FALSE,,4
청양고추,2,음식,FALSE,,4
첫수하려,1,첫수,FALSE,,4
첫수유할,1,첫수,FALSE,,4
첫수유하,1,첫수,FALSE,,4
첨했는데,1,처음,FALSE,,4
철분제요,1,철분제,FALSE,,4
처분하시,1,처분,FALSE,,4
챙겨드시,2,챙겨먹다,FALSE,,4
찾을까욥,1,찾다,FALSE,,4
참치어유,1,음식,FALSE,,4
차있어요,1,차오르다,FALSE,,4
차인데요,14,개월,FALSE,,4
차오르진,1,차오르다,FALSE,,4
차오르지,2,차오르다,FALSE,,4
차오르거,1,차오르다,FALSE,,4
차가버섯,1,음식,FALSE,,4
찡찡해요,1,칭얼대다,FALSE,,4
찡찡거리,1,칭얼대다,FALSE,,4
찝찝해요,1,찜찜하다,FALSE,,4
찝찝이요,1,찜찜하다,FALSE,,4
찐득거리,1,진득하다,FALSE,,4
찌릿해서,1,찌릿하다,FALSE,,4
찌릿거리,2,찌릿하다,FALSE,,4
찌꺼기요,1,찌꺼기,FALSE,,4
쪼그라드,2,쪼그라들다,FALSE,,4
쩝쩝거릴,1,쩝쩝대다,FALSE,,4
짧은데요,2,짧다,FALSE,,4
짝짝이요,3,다르다,FALSE,,4
짝짝이가,1,다르다,FALSE,,4
짜파게티,1,음식,FALSE,,4
집중해서,1,집중,FALSE,,4
집중하시,1,집중,FALSE,,4
질질새요,1,질질새다,FALSE,,4
질문해요,1,질문,FALSE,,4
질문이용,1,질문,FALSE,,4
질문이욥,1,질문,FALSE,,4
질문이요,,질문,FALSE,,4
질문이오,4,질문,FALSE,,4
질문이여,1,질문,FALSE,,4
질문이긴,2,질문,FALSE,,4
진행하시,1,진행,FALSE,,4
진짠가요,1,질문,FALSE,,4
진짜허무,1,허무,FALSE,,4
진짜멘붕,1,멘붕,FALSE,,4
진수완모,5,직수완모,FALSE,,4
직수해서,2,직수,FALSE,,4
직수하시,40,직수,FALSE,,4
직수유투,1,유두통증,FALSE,,4
직수유축,18,모유수유,FALSE,,4
직수유두,1,유두,FALSE,,4
직수량쪽,2,직수,FALSE,,4
직구하시,1,직구,FALSE,,4
지켜야힐,1,지키다,FALSE,,4
지려놔요,1,지리다,FALSE,,4
지나면요,2,경과하다,FALSE,,4
증상이요,1,증상,FALSE,,4
쥐어짜요,1,쥐어짜다,FALSE,,4
쥐어짜듯,1,쥐어짜다,FALSE,,4
중화요리,1,음식,FALSE,,4
중탕했던,1,모유중탕,FALSE,,4
중탕했다,3,모유중탕,FALSE,,4
중탕해야,3,모유중탕,FALSE,,4
중탕해서,2,모유중탕,FALSE,,4
중탕해놔,1,모유중탕,FALSE,,4
중탕해놓,2,모유중탕,FALSE,,4
중탕한지,2,모유중탕,FALSE,,4
중탕하시,1,모유중탕,FALSE,,4
중탕하니,1,모유중탕,FALSE,,4
중탕하고,1,모유중탕,FALSE,,4
중탕이요,4,모유중탕,FALSE,,4
중탕시켜,2,모유중탕,FALSE,,4
중국음식,1,음식,FALSE,,4
줄으나요,1,감소,FALSE,,4
줄었어요,2,감소,FALSE,,4
준비해놔,2,준비,FALSE,,4
준비하시,2,준비,FALSE,,4
주려고요,1,주다,FALSE,,4
좌절완모,1,좌절,FALSE,,4
종알까요,1,질문,FALSE,,4
좀봐주시,1,부탁,FALSE,,4
조제분유,12,분유명,FALSE,,4
조제방법,2,조유방법,FALSE,,4
조절하시,1,조절,FALSE,,4
조언즘요,1,조언,FALSE,,4
조언이요,1,조언,FALSE,,4
조리원샘,1,조리원,FALSE,,4
제품이긴,1,제품,FALSE,,4
제주공항,1,장소,FALSE,,4
제육덮밥,1,음식,FALSE,,4
제왕수술,1,제왕절개,FALSE,,4
젖이찬다,1,젖이돈다,FALSE,,4
젖이뚝뚝,1,모유흐름,FALSE,,4
젖이돌요,1,젖이돈다,FALSE,,4
젖양증가,6,증가,FALSE,,4
젖양이요,1,모유량,FALSE,,4
젖양이오,1,모유량,FALSE,,4
젖양부족,76,부족,FALSE,,4
젖양보다,1,모유량,FALSE,,4
젖병이요,21,젖병,FALSE,,4
젖병이오,1,젖병,FALSE,,4
젖병이랑,10,젖병,FALSE,,4
젖병이든,1,젖병,FALSE,,4
젖병으로,2,젖병,FALSE,,4
젖병에서,1,젖병,FALSE,,4
젖병에다,2,젖병,FALSE,,4
젖병마다,1,젖병,FALSE,,4
젖병개수,14,개수,FALSE,,4
젖몸살인,1,젖몸살,FALSE,,4
젖몸살요,1,젖몸살,FALSE,,4
젖몸살만,1,젖몸살,FALSE,,4
젖량이요,1,모유량,FALSE,,4
젖꼭지요,15,젖꼭지,FALSE,,4
젖꼭지여,1,젖병젖꼭지,FALSE,,4
젖꼭지업,1,젖꼭지업,FALSE,,4
정해놔야,1,정하다,FALSE,,4
정체가가,1,분유정체기,FALSE,,4
정수기물,17,분유물,FALSE,,4
점프하듯,1,점프,FALSE,,4
절망이요,2,절망,FALSE,,4
절개해서,1,절개,FALSE,,4
전문가분,1,전문가,FALSE,,4
전문가님,2,전문가,FALSE,,4
전량이요,1,모유량,FALSE,,4
적정한지,1,적정,FALSE,,4
적응이요,1,적응,FALSE,,4
적은데요,1,감소,FALSE,,4
적당한지,7,적당하다,FALSE,,4
적다해서,1,적다,FALSE,,4
저체중아,9,저체중,FALSE,,4
재수유해,1,재수유,FALSE,,4
재수유시,1,재수유,FALSE,,4
재생크림,1,미용,FALSE,,4
잦은방귀,1,방귀,FALSE,,4
장어구이,1,음식,FALSE,,4
장례식장,1,장소,FALSE,,4
잡혔어요,1,잡히다,FALSE,,4
잡으세요,1,잡히다,FALSE,,4
잡아댕기,1,잡다,FALSE,,4
잠투정할,1,잠투정,FALSE,,4
잠투정하,2,잠투정,FALSE,,4
잠만자요,4,수면,FALSE,,4
잠들어요,3,잔다,FALSE,,4
잠들면요,1,잔다,FALSE,,4
작은엄마,1,엄마,FALSE,,4
자주께요,1,자주깬다,FALSE,,4
자주깨요,1,자주깬다,FALSE,,4
자문한지,1,자연분만,FALSE,,4
자다가깨,1,자다깨다,FALSE,,4
있을지요,1,질문,FALSE,,4
있을까욥,1,질문,FALSE,,4
있을까요,57,질문,FALSE,,4
있으세요,31,질문,FALSE,,4
입짧은아,1,안먹는아기,FALSE,,4
입원해서,1,입원,FALSE,,4
입닫아요,1,입닫음,FALSE,,4
입단유축,1,유축,FALSE,,4
임페리얼,49,분유명,FALSE,,4
임패리얼,1,분유명,FALSE,,4
임신해서,1,임신,FALSE,,4
임신이요,1,임신,FALSE,,4
일차에요,1,개월,FALSE,,4
일짼데요,2,개월,FALSE,,4
일째모유,2,모유,FALSE,,4
일정하시,1,일정하다,FALSE,,4
일인데요,4,개월,FALSE,,4
일아기요,1,아기,FALSE,,4
일반우유,2,우유,FALSE,,4
일루마문,1,분유명,FALSE,,4
일남자아,1,아기,FALSE,,4
일_어요,2,개월,FALSE,,4
일_는데,1,개월,FALSE,,4
인스턴트,3,음식,FALSE,,4
익숙해서,1,익숙하다,FALSE,,4
이제개월,1,개월,FALSE,,4
이유식요,1,이유식,FALSE,,4
이용하시,1,이용,FALSE,,4
이상해요,1,이상하다,FALSE,,4
이마트힙,5,분유명,FALSE,,4
이마트랑,1,분유명,FALSE,,4
이마사지,2,가슴마사지,FALSE,,4
이렇게안,1,안먹다,FALSE,,4
이럴까요,22,질문,FALSE,,4
이런가요,16,질문,FALSE,,4
이노시톨,1,영양제,FALSE,,4
응사하던,1,대변,FALSE,,4
음식이요,5,음식,FALSE,,4
으실으실,1,오한,FALSE,,4
으슬으슬,1,오한,FALSE,,4
육아엄마,1,육아맘,FALSE,,4
육박해서,1,육박하다,FALSE,,4
유축해서,26,유축,FALSE,,4
유축해도,1,유축,FALSE,,4
유축한지,3,유축,FALSE,,4
유축하시,26,유축,FALSE,,4
유축하면,1,유축,FALSE,,4
유축하긴,1,유축,FALSE,,4
유축하기,2,유축,FALSE,,4
유축질문,1,유축,FALSE,,4
유축이용,1,유축,FALSE,,4
유축이요,28,유축,FALSE,,4
유축수유,1,유축,FALSE,,4
유축량쪽,4,유축량,FALSE,,4
유축량종,3,유축량,FALSE,,4
유축니크,1,유축,FALSE,,4
유축기하,1,유축기,FALSE,,4
유축기론,1,유축기,FALSE,,4
유축계속,1,유축,FALSE,,4
유질이요,1,유질,FALSE,,4
유선이요,1,유선,FALSE,,4
유선염일,1,유선염,FALSE,,4
유산균제,1,유산균,FALSE,,4
유산균요,2,유산균,FALSE,,4
유방촘파,1,유방초음파,FALSE,,4
유방울혈,2,울혈,FALSE,,4
유방마사,3,가슴마사지,FALSE,,4
유미젖병,1,브랜드명,FALSE,,4
유리젖병,7,젖병종류,FALSE,,4
유륜까지,4,유륜,FALSE,,4
유량조절,1,분유량조절,FALSE,,4
유두함몰,1,함몰유두,FALSE,,4
유두유륜,3,유륜,FALSE,,4
유_해야,2,유축,FALSE,,4
원산지요,1,원산지,FALSE,,4
원두커피,2,음식,FALSE,,4
원더웍스,1,원더윅스기간,FALSE,,4
워킹엄마,2,워킹맘,FALSE,,4
워킹맘들,1,워킹맘,FALSE,,4
워킹맘님,1,워킹맘,FALSE,,4
울어요왜,1,질문,FALSE,,4
울어요배,1,운다,FALSE,,4
욱신욱신,2,통증,FALSE,,4
욱신거리,2,통증,FALSE,,4
우수유할,1,모유수유,FALSE,,4
우리나라,3,지역,FALSE,,4
우량아가,2,우량아,FALSE,,4
용쓰는데,1,용쓰기,FALSE,,4
용량이요,3,분유중량,FALSE,,4
요청이요,2,요청,FALSE,,4
요맘때쯤,1,시간,FALSE,,4
요량이요,1,분유량,FALSE,,4
요구르트,2,음식,FALSE,,4
외출해서,1,외출,FALSE,,4
외출하시,1,외출,FALSE,,4
왜그런거,1,질문,FALSE,,4
왕분일차,1,완분,FALSE,,4
왕분으로,2,완분,FALSE,,4
왕분개월,1,완분,FALSE,,4
완분하시,9,완분,FALSE,,4
완분에요,1,완분,FALSE,,4
완분개월,1,완분,FALSE,,4
완보하신,1,완모,FALSE,,4
완모할려,1,완모,FALSE,,4
완모한지,2,완모,FALSE,,4
완모하싱,1,완모,FALSE,,4
완모하시,36,완모,FALSE,,4
완모하길,1,완모,FALSE,,4
완모하기,1,완모,FALSE,,4
완모유축,2,유축,FALSE,,4
완모유륜,1,유륜,FALSE,,4
완모유두,1,유두,FALSE,,4
완모갤아,1,완모아기,FALSE,,4
완료사진,1,사진,FALSE,,4
완고하시,41,완모,FALSE,,4
올분유하,1,분유,FALSE,,4
올랐어요,1,증량,FALSE,,4
온찜질해,1,온찜질,FALSE,,4
옥가루요,1,분유이물질,FALSE,,4
오픈한지,1,분유개봉,FALSE,,4
오케타니,14,오케타니마사지,FALSE,,4
오케자니,1,오케타니마사지,FALSE,,4
오스트리,23,분유명,FALSE,,4
오리백숙,1,음식,FALSE,,4
오랫동안,2,기간,FALSE,,4
오래간만,1,기간,FALSE,,4
예행연습,1,모유수유준비,FALSE,,4
예비엄마,1,예비맘,FALSE,,4
영양제요,7,영양제,FALSE,,4
영양간식,1,음식,FALSE,,4
영국이랑,1,수입산,FALSE,,4
엿기름물,4,단유음식,FALSE,,4
엽떡먹고,1,음식,FALSE,,4
엽떡같은,1,음식,FALSE,,4
염색하시,2,미용,FALSE,,4
열탕해야,1,열탕소독,FALSE,,4
열탕이요,1,열탕소독,FALSE,,4
연어초밥,1,음식,FALSE,,4
연고연고,2,연고,FALSE,,4
연고바르,1,연고,FALSE,,4
여쭤봐요,1,질문,FALSE,,4
여쭙게요,1,질문,FALSE,,4
여쭐게요,1,질문,FALSE,,4
여쭈어요,1,질문,FALSE,,4
엠사이즈,3,사이즈,FALSE,,4
엘레비트,1,영양제,FALSE,,4
엘더베리,1,음식,FALSE,,4
없을까효,1,질문,FALSE,,4
없는데요,1,없다,FALSE,,4
업했어요,1,업,FALSE,,4
업해줘야,3,업,FALSE,,4
엄청나요,1,엄청나다,FALSE,,4
엄마이요,2,엄마,FALSE,,4
엄마사랑,1,모유촉진차브랜드명,FALSE,,4
엄마들요,1,엄마,FALSE,,4
얼음찜질,1,냉찜질,FALSE,,4
얼만가요,1,질문,FALSE,,4
얼마큼씩,2,질문,FALSE,,4
얼마줘야,1,질문,FALSE,,4
얼마씩들,1,질문,FALSE,,4
언젠가요,1,언제,FALSE,,4
언제맞춰,2,질문,FALSE,,4
어플이요,1,어플,FALSE,,4
어찌하시,13,질문,FALSE,,4
어째야되,1,질문,FALSE,,4
어제저녁,3,시간,FALSE,,4
어제오늘,1,시간,FALSE,,4
어머님들,10,엄마,FALSE,,4
어머니들,3,엄마,FALSE,,4
어렵네요,2,어렵다,FALSE,,4
어려워요,1,어렵다,FALSE,,4
어럽네요,1,어렵다,FALSE,,4
어떻게들,18,질문,FALSE,,4
어떨까요,7,질문,FALSE,,4
어떤지요,1,질문,FALSE,,4
어떤가요,133,질문,FALSE,,4
어떡하죠,1,질문,FALSE,,4
어떠신지,1,질문,FALSE,,4
어떠세요,22,질문,FALSE,,4
어딨어요,1,질문,FALSE,,4
어드밴스,9,분유명,FALSE,,4
양념치킨,2,음식,FALSE,,4
약복용중,1,약복용,FALSE,,4
약물복용,2,약복용,FALSE,,4
야채곱창,1,음식,FALSE,,4
앱솔산양,1,분유명,FALSE,,4
앱솔명작,2,분유명,FALSE,,4
앱솔루투,1,분유명,FALSE,,4
앱소루트,1,분유명,FALSE,,4
앱설루트,142,분유명,FALSE,,4
액티비티,1,장난감,FALSE,,4
액상이요,6,액상,FALSE,,4
액상뷴유,1,액상분유,FALSE,,4
애매해서,1,애매하다,FALSE,,4
압타밀좀,1,분유명,FALSE,,4
압타밀요,1,분유명,FALSE,,4
압타밀먹,3,분유명,FALSE,,4
알려쥬세,1,조언구함,FALSE,,4
알레르기,2,알레르기,FALSE,,4
알갱이들,1,대변양상,FALSE,,4
않은데요,1,않다,FALSE,,4
않으세요,2,질문,FALSE,,4
안일어나,4,안일어난다,FALSE,,4
안울어요,1,안운다,FALSE,,4
안아재우,1,안아주다,FALSE,,4
안빨아요,1,안빤다,FALSE,,4
안분해야,1,완분,FALSE,,4
안물어요,13,안물다,FALSE,,4
안먹어요,36,안먹다,FALSE,,4
안먹는아,1,안먹는다,FALSE,,4
안먹느다,1,안먹는다,FALSE,,4
안먹네요,1,안먹는다,FALSE,,4
안맞아요,1,안맞는다,FALSE,,4
안말라요,1,안마른다,FALSE,,4
안뚤렸으,1,안뚫린다,FALSE,,4
안되는거,1,안된다,FALSE,,4
안돌아요,4,젖이안돈다,FALSE,,4
안늘어요,12,정체,FALSE,,4
안늘어나,1,안늘어난다,TRUE,,4
안느네요,3,정체,FALSE,,4
안느나요,3,정체,FALSE,,4
안녹아요,3,안녹다,FALSE,,4
안나와요,17,안나온다,FALSE,,4
안나오다,4,안나온다,FALSE,,4
안고파해,1,안고프다,FALSE,,4
안고파할,1,안고프다,FALSE,,4
아픈데요,7,통증,FALSE,,4
아프네요,1,통증,FALSE,,4
아카데미,2,상담센터,FALSE,,4
아침저녁,3,시간,FALSE,,4
아직수유,3,수유,FALSE,,4
아직수시,1,직수,FALSE,,4
아이허브,1,영양제,FALSE,,4
아이엠마,7,분유명,FALSE,,4
아이시스,1,브랜드명,FALSE,,4
아이스팩,2,냉찜질,FALSE,,4
아이들요,3,아기,FALSE,,4
아스피린,1,약,FALSE,,4
아긴데요,2,아기,FALSE,,4
아기요휴,1,아기,FALSE,,4
아기어쩌,1,아기,FALSE,,4
아기수유,3,수유,FALSE,,4
아기설사,2,대변양상,FALSE,,4
아기사랑,1,분유명,FALSE,,4
아기분유,1,분유,FALSE,,4
아기들이,2,아기,FALSE,,4
아기그리,1,아기,FALSE,,4
아간데요,3,아기,FALSE,,4
아가한텐,1,아기,FALSE,,4
아가수유,1,수유,FALSE,,4
아가들요,2,아기,FALSE,,4
씻으세요,1,젖병세척,FALSE,,4
쌔빨개지,1,얼굴색,FALSE,,4
쌀국수랑,1,음식,FALSE,,4
싸이즈업,1,젖꼭지사이즈업,FALSE,,4
싶은데요,33,소망,FALSE,,4
싶으세요,1,소망,FALSE,,4
싶어서요,1,소망,FALSE,,4
심한분들,1,심하다,FALSE,,4
심한데요,5,심하다,FALSE,,4
신생아요,5,신생아,FALSE,,4
신생아여,1,신생아,FALSE,,4
신생아들,3,신생아,FALSE,,4
신라호텔,1,장소,FALSE,,4
식사하시,1,식사,FALSE,,4
시점이요,1,시점,FALSE,,4
시작해서,1,시작,FALSE,,4
시작하시,3,시작,FALSE,,4
시작이요,1,시작,FALSE,,4
시원시원,1,시원하다,FALSE,,4
시외버스,1,교통수단,FALSE,,4
시어머님,1,지인,FALSE,,4
시어머니,6,지인,FALSE,,4
시기울기,1,기울기,FALSE,,4
시기개월,1,개월,FALSE,,4
시간짼데,1,시간,FALSE,,4
시간직수,1,직수,FALSE,,4
시간이요,44,시간,FALSE,,4
시간였던,1,시간,FALSE,,4
시각이요,1,시간,FALSE,,4
슬라이스,1,음식,FALSE,,4
스프레이,1,약,FALSE,,4
스푼이요,1,스푼,FALSE,,4
스펙트라,32,유축기브랜드명,FALSE,,4
스파이시,1,음식,FALSE,,4
스틱이요,1,스틱,FALSE,,4
스테이크,1,음식,FALSE,,4
스테이지,31,분유명,FALSE,,4
스탠더드,2,브랜드명,FALSE,,4
스타필드,1,장소,FALSE,,4
스타벅스,1,장소,FALSE,,4
스코펜지,1,약,FALSE,,4
숯불치킨,1,음식,FALSE,,4
수준이요,1,음식,FALSE,,4
수족구로,1,수족구,FALSE,,4
수정이요,1,수정,FALSE,,4
수유해서,3,수유,FALSE,,4
수유해도,1,수유,FALSE,,4
수유할_,1,수유,FALSE,,4
수유한지,8,수유,FALSE,,4
수유하시,199,수유,FALSE,,4
수유하기,11,수유,FALSE,,4
수유텀요,,수유텀,FALSE,,4
수유텀여,1,수유텀,FALSE,,4
수유안하,1,모유수유,FALSE,,4
수유시강,1,수유시간,FALSE,,4
수유소파,3,수유의자,FALSE,,4
수유부님,1,수유부,FALSE,,4
수유량쪽,2,수유양쪽,FALSE,,4
수유량즘,1,수유량,FALSE,,4
수유량은,1,수유량,FALSE,,4
수유량요,3,수유량,FALSE,,4
수유는요,1,모유수유,FALSE,,4
수유너무,1,모유수유,FALSE,,4
수유기름,1,모유수유기름,FALSE,,4
수유갤차,1,수유,FALSE,,4
수술해서,1,수술,FALSE,,4
손수건요,1,손수건,FALSE,,4
센시티브,5,분유명,FALSE,,4
센서티브,142,분유명,FALSE,,4
세척해서,1,세척,FALSE,,4
세척하시,1,세척,FALSE,,4
세척이요,1,세척,FALSE,,4
세워안으,1,세워안다,FALSE,,4
세노비스,1,브랜드명,FALSE,,4
성숙유랑,1,성숙유,FALSE,,4
성공해서,1,성공,FALSE,,4
성공하시,2,성공,FALSE,,4
선택하시,1,분유선택,FALSE,,4
선택이요,4,선택,FALSE,,4
선택개월,1,선택,FALSE,,4
선생님들,1,선생님,FALSE,,4
섞여먹으,1,혼합,FALSE,,4
섞여먹여,5,섞어먹다,FALSE,,4
섞어먹여,11,혼합,FALSE,,4
서울우유,1,우유명,FALSE,,4
샹그리아,1,음식,FALSE,,4
생활하시,1,생활,FALSE,,4
생유산균,1,유산균,FALSE,,4
생우유하,1,우유,FALSE,,4
생리해요,2,생리,FALSE,,4
생리하시,1,생리,FALSE,,4
생기네요,1,생기다,FALSE,,4
생각하시,1,생각,FALSE,,4
생각보다,1,생각,FALSE,,4
샌드위치,1,음식,FALSE,,4
색인가요,1,색깔,FALSE,,4
색깔이요,1,색깔,FALSE,,4
새싹보리,2,음식,FALSE,,4
새벽에요,1,새벽,FALSE,,4
새벽꿈수,1,새벽수유,FALSE,,4
상황버섯,1,음식,FALSE,,4
상하목장,6,분유명,FALSE,,4
상담이요,1,상담,FALSE,,4
살인데요,1,연령,FALSE,,4
살살해주,1,살살하다,FALSE,,4
살빼신분,1,다이어트,FALSE,,4
산후보약,8,음식,FALSE,,4
산양이요,2,분유명,FALSE,,4
산양분유,4,분유명,FALSE,,4
사출이요,3,사출,FALSE,,4
사진주의,1,사진,FALSE,,4
사이즈요,17,사이즈,FALSE,,4
사이즈업,4,젖꼭지사이즈업,FALSE,,4
사용해서,2,사용,FALSE,,4
사용해도,1,사용,FALSE,,4
사용한_,1,사용,FALSE,,4
사용하시,35,사용,FALSE,,4
사용이요,7,사용,FALSE,,4
사용유즙,1,유즙,FALSE,,4
사용에요,1,사용,FALSE,,4
사레들린,1,사레,FALSE,,4
사레들리,3,사레,FALSE,,4
사레들려,1,사레,FALSE,,4
사래들림,1,사레,FALSE,,4
쁘띠메종,1,브랜드명,FALSE,,4
뽀동뽀동,1,포동포동,FALSE,,4
뻗팅겨요,1,버티다,FALSE,,4
뻐팅겨요,2,버티다,FALSE,,4
빵빵해지,1,볼록하다,FALSE,,4
빵빵해요,1,볼록하다,FALSE,,4
빵빵해야,1,볼록하다,FALSE,,4
빵빵한데,4,빵빵하다,FALSE,,4
빨아달라,1,빨다,FALSE,,4
빨다가요,1,빨다,FALSE,,4
빔중수유,1,밤중수유,FALSE,,4
비타민d,17,비타민,FALSE,,4
비타민c,1,비타민,FALSE,,4
비타민b,1,비타민,FALSE,,4
비타민제,1,비타민,FALSE,,4
비타민씨,1,비타민,FALSE,,4
비타민디,3,비타민,FALSE,,4
비지엔젤,1,브랜드명,FALSE,,4
비율이요,2,비율,FALSE,,4
비운다면,1,비운다,FALSE,,4
비염이요,1,비염,FALSE,,4
비빔국수,1,음식,FALSE,,4
블랜드요,1,단유차,FALSE,,4
브레이지,1,브래지어,FALSE,,4
뷴유먹고,1,분유,FALSE,,4
불안해서,1,불안,FALSE,,4
불쌍해서,1,불쌍,FALSE,,4
분인데요,1,완분,FALSE,,4
분이든요,1,완분,FALSE,,4
분유해서,1,분유,FALSE,,4
분유하시,3,분유수유,FALSE,,4
분유텀이,1,분유텀,FALSE,,4
분유축할,1,유축시간,FALSE,,4
분유축기,2,유축기,FALSE,,4
분유추천,6,분유,FALSE,,4
분유이요,12,분유,FALSE,,4
분유수유,1,분유,FALSE,,4
분유산균,3,유산균,FALSE,,4
분유물량,2,분유물양,FALSE,,4
분유문의,1,분유질문,FALSE,,4
분유량좀,2,분유량,FALSE,,4
분유량이,1,분유량,FALSE,,4
분유단유,1,분유,FALSE,,4
분유는요,1,분유,FALSE,,4
분수토요,1,분수토,FALSE,,4
분리하시,1,분리,FALSE,,4
분노하우,1,노하우,FALSE,,4
부활해서,1,부활,FALSE,,4
부탁이요,1,부탁,FALSE,,4
부탁려요,1,부탁,FALSE,,4
부탁드립,1,부탁,FALSE,,4
부족해서,8,부족,FALSE,,4
부족한지,6,젖양부족,FALSE,,4
부족한데,9,부족,FALSE,,4
부족한가,1,모유부족,FALSE,,4
부분부분,1,부분,FALSE,,4
부드러운,1,부드럽다,FALSE,,4
봐주세요,15,부탁,FALSE,,4
복직하시,1,복직,FALSE,,4
복용하시,1,복용,FALSE,,4
복용이요,2,복용,FALSE,,4
복용방법,1,복용법,FALSE,,4
보호기하,1,유두보호기,FALSE,,4
보호기여,1,유두보호기,FALSE,,4
보충하시,8,혼합수유,FALSE,,4
보충질문,2,보충,FALSE,,4
보충이요,5,보충,FALSE,,4
보쌈김치,1,음식,FALSE,,4
보디로션,2,미용,FALSE,,4
보관해서,1,보관,FALSE,,4
보관하시,4,보관,FALSE,,4
보관이요,2,보관,FALSE,,4
보관실요,1,보관실,FALSE,,4
병행해서,1,병행,FALSE,,4
병행하시,1,병행,FALSE,,4
병원이요,1,병원,FALSE,,4
변분유요,1,분유추천,FALSE,,4
변경이요,8,변경,FALSE,,4
베비언스,35,브랜드명,FALSE,,4
베베오레,1,브랜드명,FALSE,,4
베나치오,1,약,FALSE,,4
버티면요,1,버티다,FALSE,,4
버전이요,1,버전,FALSE,,4
버둥대요,1,발버둥,FALSE,,4
백일아기,1,백일,FALSE,,4
백일아가,1,백일아기,FALSE,,4
백반이요,1,유두백반,FALSE,,4
배앓이하,1,영아산통,FALSE,,4
배앓이증,1,영아산통,FALSE,,4
배앓이요,2,영아산통,FALSE,,4
배앓이랑,2,영아산통,FALSE,,4
배달음식,1,음식,FALSE,,4
배고파서,3,배고프다,FALSE,,4
방향이요,2,방향,FALSE,,4
방식이요,1,방식,FALSE,,4
방법이요,42,방법,FALSE,,4
밤중수유,2,밤수,FALSE,,4
밤입니다,1,밤,FALSE,,4
밤수해요,1,밤수,FALSE,,4
밤수하시,1,밤수,FALSE,,4
밤수지문,3,밤수,FALSE,,4
밤수인해,1,밤수끊기,FALSE,,4
밤수이요,1,밤수,FALSE,,4
밤수유해,2,밤수,FALSE,,4
밤수유할,2,밤수,FALSE,,4
밤수유요,2,밤수,FALSE,,4
밤수유량,1,밤수유량,FALSE,,4
밤수어케,1,밤수,FALSE,,4
밤수문의,1,밤수,FALSE,,4
밤수량쪽,1,밤수,FALSE,,4
밤수끈기,1,밤수끊기,FALSE,,4
발톱무좀,1,무좀,FALSE,,4
받으세요,4,질문,FALSE,,4
박사님들,1,고수,FALSE,,4
바디제품,1,미용,FALSE,,4
바둥대느,1,발버둥,FALSE,,4
바둥거리,1,발버둥,FALSE,,4
바꿔먹여,1,분유교체,FALSE,,4
바꾸실_,1,분유교체,FALSE,,4
바꾸셨여,1,분유단계변경,FALSE,,4
바꾸네요,1,분유교체,FALSE,,4
바꾸기요,5,분유교체,FALSE,,4
밀플로우,1,모유촉진차명,FALSE,,4
밀크씨슬,1,영양제,FALSE,,4
믹스커피,1,음식,FALSE,,4
미열이요,1,미열,FALSE,,4
미안해지,1,미안,FALSE,,4
미숫가루,3,음식,FALSE,,4
미리짜리,1,젖병용량,FALSE,,4
미리인데,1,용량,FALSE,,4
뭉침이요,10,젖뭉침,FALSE,,4
묽으면요,1,대변양상,FALSE,,4
물집이요,1,물집,FALSE,,4
물젖이라,1,전유,FALSE,,4
물이에요,1,대변양상,FALSE,,4
물에담그,1,젖병소독,FALSE,,4
물어잡아,1,물어뜯다,FALSE,,4
물양이요,1,물양,FALSE,,4
물리면요,1,물리다,FALSE,,4
물광주사,2,미용,FALSE,,4
문화센터,1,장소,FALSE,,4
문젠가요,2,문제,FALSE,,4
무항생제,38,분유명,FALSE,,4
무통주사,1,약,FALSE,,4
무조건해,1,무조건,FALSE,,4
무얼까요,1,질문,FALSE,,4
무알코올,15,음식,FALSE,,4
무스쿠스,1,장소,FALSE,,4
몽울진게,1,멍울,FALSE,,4
못해요뭐,1,못한다,FALSE,,4
못빨아요,1,못빤다,FALSE,,4
못먹어요,1,못먹다,FALSE,,4
몸살인지,1,몸살,FALSE,,4
몸무게요,13,체중,FALSE,,4
몰랐어요,1,모른다,FALSE,,4
몰라서요,1,모른다,FALSE,,4
모자른지,1,모유부족,FALSE,,4
모유황달,6,황달,FALSE,,4
모유타령,1,모유집착,FALSE,,4
모유직수,1,직수,FALSE,,4
모유중타,1,모유중탕,FALSE,,4
모유사랑,1,모유수유클리닉,FALSE,,4
모유량쪽,5,모유,FALSE,,4
모유량적,1,모유부족,FALSE,,4
모유량이,1,모유량,FALSE,,4
모유단유,8,단유,FALSE,,4
모유과다,1,젖양과다,FALSE,,4
모양이요,2,모양,FALSE,,4
모아놨던,1,모유저장,FALSE,,4
모량이오,1,모유량,FALSE,,4
모누롤산,1,약,FALSE,,4
몇시수유,1,수유시간,FALSE,,4
명작이요,2,분유명,FALSE,,4
명작분유,1,분유명,FALSE,,4
멸균으유,1,멸균우유,FALSE,,4
면보나요,2,대변양상,FALSE,,4
멘붕와요,1,멘붕,FALSE,,4
멕였는데,1,먹이다,FALSE,,4
메슥거림,1,헛구역질,FALSE,,4
멍울이요,3,멍울,FALSE,,4
멍울까지,1,멍울,FALSE,,4
먹잠이요,1,먹잠,FALSE,,4
먹인대요,1,먹인다,FALSE,,4
먹인느데,1,먹인다,FALSE,,4
먹이고요,1,먹이다,FALSE,,4
먹으면요,3,먹이다,FALSE,,4
먹였어요,1,먹이다,FALSE,,4
먹여달라,1,먹이다,FALSE,,4
먹었어요,1,먹다,FALSE,,4
먹어요왜,1,분유거부,FALSE,,4
먹어도되,1,섭취,FALSE,,4
먹먹해요,1,먹먹하다,FALSE,,4
먹고파하,1,먹고싶어한다,FALSE,,4
먹고파요,1,먹고싶어한다,FALSE,,4
머드세요,1,질문,FALSE,,4
맺히면요,1,젖이돈다,FALSE,,4
매일유업,6,브랜드명,FALSE,,4
매일매일,1,시간,FALSE,,4
매운음식,1,음식,FALSE,,4
맞춰질람,1,맞춰진다,FALSE,,4
맞춰놔야,1,맞추다,FALSE,,4
맞추려면,1,맞추다,FALSE,,4
맞으세요,1,질문,FALSE,,4
맞_어요,1,분유물실패,FALSE,,4
망가져요,1,수유텀실패,FALSE,,4
맘인데요,3,엄마,FALSE,,4
맘라떼모,1,모유촉진차브랜드명,FALSE,,4
맘들이요,1,엄마,FALSE,,4
맘님이요,1,엄마,FALSE,,4
맘님들요,1,엄마,FALSE,,4
맘님들께,7,엄마,FALSE,,4
말캉말캉,1,말랑말랑,FALSE,,4
말아달라,1,하지말기,FALSE,,4
말리기요,1,단유,FALSE,,4
말랑해질,1,말랑하다,FALSE,,4
말랑해지,2,말랑하다,FALSE,,4
말랑해요,4,말랑하다,FALSE,,4
말랑해야,1,말랑하다,FALSE,,4
말랑한데,7,말랑하다,FALSE,,4
많이해요,1,많이한다,FALSE,,4
많은데요,3,많다,FALSE,,4
많은가요,1,많다,FALSE,,4
만족하시,1,만족하다,FALSE,,4
만성설사,1,대변양상,FALSE,,4
막수하시,1,막수,FALSE,,4
막수하려,1,막수,FALSE,,4
막수질문,2,막수,FALSE,,4
막수부터,1,막수,FALSE,,4
막수는요,1,막수,FALSE,,4
막수거부,1,막수거부,FALSE,,4
마스크퍅,1,미용,FALSE,,4
마스크팩,1,미용,FALSE,,4
마사지하,15,마사지,FALSE,,4
마사지요,10,마사지,FALSE,,4
마사지숍,1,마자지실,FALSE,,4
마사지만,1,마사지,FALSE,,4
마데카솔,1,연고,FALSE,,4
마더케이,1,브랜드명,FALSE,,4
링거주사,1,약,FALSE,,4
리뉴얼된,5,분유명,FALSE,,4
뢰벤짠중,1,분유명,FALSE,,4
락토페린,1,분유성분,FALSE,,4
라면사리,1,음식,FALSE,,4
띵띵해질,1,띵띵하다,FALSE,,4
뚫린데요,1,유선뚫림,FALSE,,4
땡초치킨,1,음식,FALSE,,4
땡초김밥,1,음식,FALSE,,4
땡땡해요,3,땡땡하다,FALSE,,4
때문에요,8,이유,FALSE,,4
땅콩소스,1,음식,FALSE,,4
딴딴해지,1,딴딴하다,FALSE,,4
딴딴해요,1,딴딴하다,FALSE,,4
들쭉날쭉,1,불규칙,FALSE,,4
들쑥날쑥,1,불규칙,FALSE,,4
들먹나요,1,분유추천,FALSE,,4
둥지냉면,1,음식,FALSE,,4
두통이요,1,두통,FALSE,,4
된장찌개,1,음식,FALSE,,4
되직해요,2,되직하다,FALSE,,4
돼지족탕,1,음식,FALSE,,4
돼지고기,1,음식,FALSE,,4
동완모유,2,모유,FALSE,,4
동반하시,1,동반,FALSE,,4
돌아기분,1,돌아기,FALSE,,4
독일이랑,1,수입산,FALSE,,4
독일어용,1,수입산,FALSE,,4
도우미분,2,도우미,FALSE,,4
도리도리,2,도리도리,FALSE,,4
도라지청,1,음식,FALSE,,4
도라지차,1,음식,FALSE,,4
도_까요,1,질문,FALSE,,4
데워먹여,1,데우다,FALSE,,4
데워먹어,1,데우다,FALSE,,4
덩어리요,2,덩어리,FALSE,,4
덩어리들,1,덩어리,FALSE,,4
덜어먹여,1,덜어먹이다,FALSE,,4
더치커피,1,음식,FALSE,,4
더아파요,1,통증,FALSE,,4
더블하트,201,브랜드명,FALSE,,4
더달래요,1,더달란다,FALSE,,4
댓글간청,1,답변,FALSE,,4
댑혔는데,1,데우다,FALSE,,4
대형마트,1,장소,FALSE,,4
대체식품,1,음식,FALSE,,4
답답해서,1,답답하다,FALSE,,4
담으면요,1,담다,FALSE,,4
달아기분,1,개월,FALSE,,4
달래기용,1,달란다,FALSE,,4
달_는데,1,개월,FALSE,,4
닫아놨으,1,닫다,FALSE,,4
단유히려,1,단유,FALSE,,4
단유중요,1,단유,FALSE,,4
단유정보,1,단유정보,FALSE,,4
단유어째,1,단유,FALSE,,4
단유안하,1,단유,FALSE,,4
단유마사,1,단유마사지,FALSE,,4
단유다들,1,단유,FALSE,,4
단단해지,1,단단,FALSE,,4
단단한데,1,단단,FALSE,,4
닦으세요,1,닦다,FALSE,,4
다쿠아즈,1,음식,FALSE,,4
다른지요,1,다르다,FALSE,,4
니플이요,3,젖병젖꼭지,FALSE,,4
니플이랑,1,젖병젖꼭지,FALSE,,4
늘어나긴,2,증가,FALSE,,4
늘리죠아,1,늘리다,FALSE,,4
늘리는법,1,늘리는법,FALSE,,4
늘리는고,1,늘리다,FALSE,,4
늘리나요,1,늘리다,FALSE,,4
늘리기요,1,늘리기,FALSE,,4
느낌이요,2,느낌,FALSE,,4
뉴트릴론,1,분유명,FALSE,,4
뉴트리션,1,브랜드명,FALSE,,4
뉴클래스,14,분유명,FALSE,,4
뉴질랜드,17,분유명,FALSE,,4
뉴위드맘,1,분유명,FALSE,,4
눕수하다,2,눕수,FALSE,,4
눕수로만,1,눕수,FALSE,,4
녹차티백,1,음식,FALSE,,4
녹차라테,1,음식,FALSE,,4
녹변이요,5,대변양상,FALSE,,4
네일아트,1,미용,FALSE,,4
넣어놨다,1,넣다,FALSE,,4
넣어놔둬,1,넣다,FALSE,,4
넣어_던,1,넣다,FALSE,,4
넘었믄데,1,넘다,FALSE,,4
넘어갈딱,1,우유로넘어간다,FALSE,,4
넘보자란,1,모자르다,FALSE,,4
너무커요,2,크다,FALSE,,4
너무아프,1,통증,FALSE,,4
냉채족발,1,음식,FALSE,,4
냉찜질해,2,냉찜질,FALSE,,4
냉찜질하,3,냉찜질,FALSE,,4
냉동해서,1,냉동,FALSE,,4
내일모레,3,시간,FALSE,,4
낮잠이요,1,낮잠,FALSE,,4
남양임페,1,분유명,FALSE,,4
남양분유,3,브랜드명,FALSE,,4
남기면요,1,남기다,FALSE,,4
나왔어요,1,나온다,FALSE,,4
나오는데,1,나온다,FALSE,,4
나약해서,1,나약하다,FALSE,,4
나는데몇,1,체온,FALSE,,4
나눠먹음,1,나눠먹다,FALSE,,4
나눠먹고,1,나눠먹다,FALSE,,4
나간대요,1,나가다,FALSE,,4
끙끙대요,1,끙끙대다,FALSE,,4
끊을랬더,1,단유,FALSE,,4
끊어지긴,1,단유,FALSE,,4
끊어먹고,1,끊어먹기,FALSE,,4
끊어먹거,1,끊어먹기,FALSE,,4
끊겠네요,1,밤수끊기,FALSE,,4
끈적여요,1,끈적이다,FALSE,,4
끈적거리,1,끈적이다,FALSE,,4
꿈수해야,5,꿈수,FALSE,,4
꿈수하시,3,꿈수,FALSE,,4
꿈수하려,1,꿈수,FALSE,,4
깨우기요,1,깨우기,FALSE,,4
깔라만시,1,음식,FALSE,,4
김치찌개,1,음식,FALSE,,4
기준이요,1,기준,FALSE,,4
기절인지,1,기절,FALSE,,4
기저귀요,1,기저귀,FALSE,,4
기저귀수,1,기저귀개수,FALSE,,4
기분유량,1,분유량,FALSE,,4
기간이요,5,기간,FALSE,,4
급쪘어요,1,살찌다,FALSE,,4
금액이요,1,금액,FALSE,,4
극복하시,2,극복,FALSE,,4
그미합니,1,궁금하다,FALSE,,4
그럴까요,2,질문,FALSE,,4
궁금해요,12,궁금,FALSE,,4
궁금투성,1,궁금,FALSE,,4
궁금증요,1,궁금증,FALSE,,4
궁금증들,1,궁금증,FALSE,,4
구입하시,1,구입,FALSE,,4
구매하시,2,구매,FALSE,,4
교체하시,2,젖병교체,FALSE,,4
교육하시,2,교육,FALSE,,4
교육이요,1,교육,FALSE,,4
괜찮나요,2,질문,FALSE,,4
관리하시,3,식단관리,FALSE,,4
관리사분,1,관리사,FALSE,,4
관리사님,2,산후관리사,FALSE,,4
관련질문,9,질문,FALSE,,4
공유해요,13,공유,FALSE,,4
곱창전골,1,음식,FALSE,,4
곱창볶음,1,음식,FALSE,,4
골감소증,1,골감소증,FALSE,,4
고춧가루,4,음식,FALSE,,4
고추냉이,1,음식,FALSE,,4
고정하시,1,고정,FALSE,,4
고수닝들,1,고수,FALSE,,4
고민하시,3,고민,FALSE,,4
고민이요,27,고민,FALSE,,4
고민돼요,2,고민,FALSE,,4
고민고민,1,고민,FALSE,,4
계신가요,4,질문,FALSE,,4
계시나요,3,질문,FALSE,,4
계속해서,1,계속,FALSE,,4
계속하시,1,계속,FALSE,,4
계산하기,1,계산,FALSE,,4
계산이요,2,계산,FALSE,,4
경혈마사,1,경혈마사지,FALSE,,4
경험자님,2,경험자,FALSE,,4
결정장애,1,선택장애,FALSE,,4
결국주문,1,주문,FALSE,,4
겨드랑이,8,겨드랑이,FALSE,,4
게워놓고,1,게워내다,FALSE,,4
게워냅니,2,게워내다,FALSE,,4
게워낸다,1,게워내다,FALSE,,4
게워내지,1,게워내다,FALSE,,4
게워내죠,1,게워내다,FALSE,,4
게워내요,63,게워내다,FALSE,,4
게워내서,2,게워내다,FALSE,,4
게워내니,1,게워내다,FALSE,,4
게워내고,1,게워내다,FALSE,,4
게워내거,1,게워내다,FALSE,,4
게우는데,4,게워내다,FALSE,,4
겉면이요,1,겉면,FALSE,,4
것인지요,1,질문,FALSE,,4
검출이요,1,검출,FALSE,,4
걸쭉해요,1,걸쭉하다,FALSE,,4
걸리면요,1,걸리다,FALSE,,4
건지증상,1,증상,FALSE,,4
건조해서,1,건조증,FALSE,,4
건몰까요,1,질문,FALSE,,4
건강식품,1,음식,FALSE,,4
걱정돼요,1,걱정,FALSE,,4
거품이요,4,거품,FALSE,,4
거였나요,1,질문,FALSE,,4
거부해서,2,젖거부,FALSE,,4
거부하기,7,분유거부,FALSE,,4
거부중이,1,직수거부,FALSE,,4
거부인지,1,거부,FALSE,,4
거부반응,1,분유거부,FALSE,,4
갤입니당,1,개월,FALSE,,4
갤완모아,1,완모아기,FALSE,,4
갤분유량,1,분유량,FALSE,,4
갤되가요,1,개월,FALSE,,4
개인데요,1,개월,FALSE,,4
개월아기,1,아기,FALSE,,4
개월아가,1,아기,FALSE,,4
개월부터,2,개월,FALSE,,4
개월가량,1,개월,FALSE,,4
개워내서,1,게워내다,FALSE,,4
개봉한지,2,분유개봉,FALSE,,4
개념이요,1,개념,FALSE,,4
같으세요,1,질문,FALSE,,4
감자튀김,1,음식,FALSE,,4
갈탔는데,1,분유교체,FALSE,,4
갈쳐줘요,1,조언,FALSE,,4
간호사들,1,간호사,FALSE,,4
간지럽죠,1,가려움증,FALSE,,4
간지럽고,1,가려움증,FALSE,,4
간지럽게,1,가려움증,FALSE,,4
간지러움,1,가려움증,FALSE,,4
간장치킨,1,음식,FALSE,,4
간장게장,1,음식,FALSE,,4
간식거리,1,음식,FALSE,,4
각질이요,1,각질,FALSE,,4
가입이요,1,가입,FALSE,,4
가입니다,1,아기,FALSE,,4
가인데요,1,아기,FALSE,,4
가슴확대,2,가슴성형수술,FALSE,,4
가슴이요,4,가슴,FALSE,,4
가슴씩만,1,가슴,FALSE,,4
가슴성형,2,가슴성형수술,FALSE,,4
가슴상태,1,가슴상태,FALSE,,4
가슴몽울,1,가슴멍울,FALSE,,4
가슴둘레,1,가슴,FALSE,,4
가슴단단,1,가슴,FALSE,,4
가스명수,1,약,FALSE,,4
가물치즙,1,음식,FALSE,,4
가려워요,6,가려움증,FALSE,,4
가려운데,1,가려움증,FALSE,,4
가려먹으,2,가려먹다,FALSE,,4
가려먹기,1,가려먹다,FALSE,,4
ml에요,,,TRUE,,4
feat,,,TRUE,,4
햐주세용,,,TRUE,,4
해주세요,,,TRUE,,4
하주세요,,,TRUE,,4
하려는데,,,TRUE,,4
하는데요,,,TRUE,,4
하는거죠,,,TRUE,,4
터졌어요,,,TRUE,,4
쫍쫍거리,,,TRUE,,4
쪼물짝대,,,TRUE,,4
쩝쩝거리,,,TRUE,,4
중입니다,,,TRUE,,4
중인데요,,,TRUE,,4
중인데속,,,TRUE,,4
중이에요,,,TRUE,,4
좋겠네요,,,TRUE,,4
전인데요,,,TRUE,,4
전이에요,,,TRUE,,4
있으면요,,,TRUE,,4
있습니다,,,TRUE,,4
있는데요,,,TRUE,,4
입으세요,,,TRUE,,4
이모저모,,,TRUE,,4
이만저만,,,TRUE,,4
이뤄놨던,,,TRUE,,4
완료종료,,,TRUE,,4
완료시각,,,TRUE,,4
오물오물,,,TRUE,,4
여자아이,,,TRUE,,4
여자아기,,,TRUE,,4
여러분들,,,TRUE,,4
안늘어나,,,TRUE,,4
안_는데,,,TRUE,,4
아졌어요,,,TRUE,,4
아인데요,,,TRUE,,4
아들내미,,,TRUE,,4
아닌데요,,,TRUE,,4
선배님들,,,TRUE,,4
상관관계,,,TRUE,,4
분들이요,,,TRUE,,4
말인데요,,,TRUE,,4
드릴게요,,,TRUE,,4
둘째는요,,,TRUE,,4
돼서인지,,,TRUE,,4
다들하시,,,TRUE,,4
남자아이,,,TRUE,,4
남겨요아,,,TRUE,,4
굴러다니,,,TRUE,,4
관련해서,,,TRUE,,4
관련하여,,,TRUE,,4
관련이요,,,TRUE,,4
고속도로,,,TRUE,,4
거중에요,,,TRUE,,4
같은데요,,,TRUE,,4
tea,1,음식,FALSE,,3
힙프레,32,분유명,FALSE,,3
힙전분,1,분유명,FALSE,,3
힙액상,1,분유명,FALSE,,3
힙스푼,1,분유스푼,FALSE,,3
힙분유,710,분유명,FALSE,,3
힙분워,1,분유명,FALSE,,3
흡입기,1,유축기흡입기,FALSE,,3
흑염소,4,음식,FALSE,,3
후유두,1,유두,FALSE,,3
후디스,32,브랜드명,FALSE,,3
효과요,1,분유변경효과,FALSE,,3
횟수요,11,빈도,FALSE,,3
회덮밥,1,음식,FALSE,,3
황금똥,3,대변양상,FALSE,,3
활명수,1,약,FALSE,,3
화장품,5,미용,FALSE,,3
화요일,3,요일,FALSE,,3
화곡역,1,지역,FALSE,,3
홍삼즙,1,음식,FALSE,,3
홀레랑,1,브랜드명,FALSE,,3
혼합해,8,혼합수유,FALSE,,3
혼합유,1,혼합수유,FALSE,,3
혼합보,1,혼합수유,FALSE,,3
혹시요,1,혹시,FALSE,,3
호환해,1,젖꼭지호환,FALSE,,3
호주산,1,분유명,FALSE,,3
호두과,1,음식,FALSE,,3
혈압약,1,약,FALSE,,3
헤어펌,1,미용,FALSE,,3
허무한,1,허무하다,FALSE,,3
햄이요,1,음식,FALSE,,3
햄버거,9,음식,FALSE,,3
해열제,6,약,FALSE,,3
해동해,1,모유해동,FALSE,,3
해달라,1,요청,FALSE,,3
해결함,1,해결,FALSE,,3
항진증,3,갑상선항진증,FALSE,,3
항생제,49,약,FALSE,,3
핫초코,1,음식,FALSE,,3
합치기,1,합치다,FALSE,,3
합쳐서,1,합치다,FALSE,,3
합니꺼,1,질문,FALSE,,3
할지요,2,질문,FALSE,,3
할때요,1,하다,FALSE,,3
할까요,2,질문,FALSE,,3
한텀씩,1,수유텀,FALSE,,3
한쪽만,1,한쪽수유,FALSE,,3
한동안,1,기간,FALSE,,3
하얀색,3,색깔,FALSE,,3
하루치,1,기간,FALSE,,3
하루쯤,1,기간,FALSE,,3
하루씩,1,기간,FALSE,,3
하나용,2,질문,FALSE,,3
하나요,5,질문,FALSE,,3
하까요,1,질문,FALSE,,3
핑크색,1,모유색깔,FALSE,,3
필요한,2,필요,FALSE,,3
필립스,1,브랜드명,FALSE,,3
피크론,1,브랜드명,FALSE,,3
피자헛,1,브랜드명,FALSE,,3
피자요,1,음식,FALSE,,3
피임약,3,약,FALSE,,3
피어싱,1,미용,FALSE,,3
피부약,1,약,FALSE,,3
피고인,1,혈액,FALSE,,3
피가나,1,출혈,FALSE,,3
플러스,12,분유명,FALSE,,3
플래시,1,분유명,FALSE,,3
프리미,2,분유명,FALSE,,3
프레타,1,분유명,FALSE,,3
프레드,1,분유명,FALSE,,3
프라페,1,음식,FALSE,,3
퓨어룩,36,분유명,FALSE,,3
퓨어로,1,브랜드명,FALSE,,3
퓨어락,220,브랜드명,FALSE,,3
퓨어라,6,분유명,FALSE,,3
품절로,1,품절,FALSE,,3
품절되,1,품절,FALSE,,3
푸트라,21,분유명,FALSE,,3
푸른색,2,색깔,FALSE,,3
푸르트,1,분유명,FALSE,,3
푸르락,1,분유명,FALSE,,3
표준형,1,분유명,FALSE,,3
포트기,1,분유포트기,FALSE,,3
포비든,1,약,FALSE,,3
포뮬러,5,분유명,FALSE,,3
포기해,1,포기,FALSE,,3
포기한,1,포기,FALSE,,3
평균적,1,평균,FALSE,,3
편의점,1,장소,FALSE,,3
펜넬차,1,유산균,FALSE,,3
페리노,1,분유명,FALSE,,3
페디큐,1,미용,FALSE,,3
페니라,1,약,FALSE,,3
퍼먹으,1,먹다,FALSE,,3
팩이요,1,팩,FALSE,,3
패키지,1,분유명,FALSE,,3
패스해,1,패스,FALSE,,3
패드요,1,수유패드,FALSE,,3
팥빙수,1,음식,FALSE,,3
팔이요,1,팔,FALSE,,3
판단이,1,판단,FALSE,,3
파우더,2,분유명,FALSE,,3
파스타,1,음식,FALSE,,3
파마해,5,미용,FALSE,,3
파란색,1,색깔,FALSE,,3
팁이요,1,조언,FALSE,,3
티셔츠,1,수유티,FALSE,,3
트림ㆍ,1,트림,FALSE,,3
트림해,1,트림,FALSE,,3
트루맘,112,분유명,FALSE,,3
투성이,1,투성,FALSE,,3
퇴손데,1,조리원퇴소,FALSE,,3
퇴소할,1,조리원퇴소,FALSE,,3
퇴소한,2,조리원퇴소,FALSE,,3
퇴소하,3,조리원퇴소,FALSE,,3
통증이,1,통증,FALSE,,3
통조림,1,음식,FALSE,,3
통잠잘,15,통잠,FALSE,,3
통잠잔,2,통잠,FALSE,,3
통잠자,90,통잠,FALSE,,3
통잠언,1,통잠,FALSE,,3
통잠시,8,통잠,FALSE,,3
통잠만,1,통잠,FALSE,,3
토해요,1,구토,FALSE,,3
토장이,1,구토,FALSE,,3
토요일,1,요일,FALSE,,3
토끼똥,6,대변양상,FALSE,,3
텀이요,156,수유텀,FALSE,,3
텀시간,1,수유시간,FALSE,,3
텀관리,1,수유텀관리,FALSE,,3
터움바,1,음식,FALSE,,3
터비뉴,1,연고,FALSE,,3
탈색해,1,미용,FALSE,,3
탄산수,3,음식,FALSE,,3
타이밍,1,유축시간,FALSE,,3
타세요,1,조유,FALSE,,3
타민제,1,약,FALSE,,3
타면요,1,조유,FALSE,,3
킬로요,1,무게,FALSE,,3
킨더랑,1,킨더밀쉬,FALSE,,3
키즈요,1,약,FALSE,,3
클리닉,2,모유수유클리닉,FALSE,,3
클레스,1,분유명,FALSE,,3
클래식,1,젖병명,FALSE,,3
크기요,1,젖꼭지사이즈,FALSE,,3
콤부차,2,음식,FALSE,,3
콜이요,2,수유콜,FALSE,,3
콜라겐,1,영양제,FALSE,,3
콕콕콕,2,통증,FALSE,,3
코코아,1,음식,FALSE,,3
코알라,71,분유명,FALSE,,3
케이트,2,분유명,FALSE,,3
케이크,4,음식,FALSE,,3
케어요,1,케어,FALSE,,3
컵라면,5,음식,FALSE,,3
컴포트,39,분유명,FALSE,,3
커피요,6,음식,FALSE,,3
커피량,1,음식,FALSE,,3
캑캑대,4,사레,FALSE,,3
캑캑거,1,사레,FALSE,,3
칼슘제,6,영양제,FALSE,,3
칼슘요,1,칼슘,FALSE,,3
카프리,1,분유명,FALSE,,3
카페인,1,음식,FALSE,,3
카베린,1,약,FALSE,,3
카베리,2,단유크림,FALSE,,3
카눌레,1,음식,FALSE,,3
침맞아,1,침치료,FALSE,,3
친구들,1,아기,FALSE,,3
치는아,1,아기,FALSE,,3
층분히,1,충분,FALSE,,3
충분한,8,충분하다,FALSE,,3
추천해,5,추천,FALSE,,3
추천이,1,추천,FALSE,,3
추천요,15,추천,FALSE,,3
최소한,1,최소,FALSE,,3
촉진제,3,모유촉진제,FALSE,,3
초콜릿,12,음식,FALSE,,3
초코파,1,음식,FALSE,,3
초저녁,1,시간,FALSE,,3
초유요,3,초유,FALSE,,3
초우량,1,초유량,FALSE,,3
초산맘,1,초산,FALSE,,3
초보자,1,초보맘,FALSE,,3
초록통,2,분유명,FALSE,,3
초록색,2,색,FALSE,,3
초록빛,3,색깔,FALSE,,3
체크요,4,체크,FALSE,,3
청심환,1,약,FALSE,,3
첫수유,24,첫수,FALSE,,3
천연펌,1,미용,FALSE,,3
처방약,2,약,FALSE,,3
처방만,1,처방,FALSE,,3
찬데요,1,개월,FALSE,,3
차이요,3,차이,FALSE,,3
차오르,5,차오르다,FALSE,,3
차모유,2,모유,FALSE,,3
찡찡거,2,칭얼대다,FALSE,,3
찡얼대,2,칭얼대다,FALSE,,3
찡얼거,1,칭얼대다,FALSE,,3
찌릿함,1,찌릿하다,FALSE,,3
찌릿거,2,찌릿하다,FALSE,,3
찌릿감,1,찌릿하다,FALSE,,3
찌리릿,1,찌릿하다,FALSE,,3
쪽쪽이,3,공갈젖꼭지,FALSE,,3
쪼금씩,1,조금씩,FALSE,,3
쩝쩝대,1,쩝쩝대다,FALSE,,3
쩝쩝거,1,쩝쩝대다,FALSE,,3
째인데,1,개월,FALSE,,3
짧아요,1,짧다,FALSE,,3
짝짝이,3,다르다,FALSE,,3
짜장면,2,음식,FALSE,,3
질문이,21,질문,FALSE,,3
질문용,8,질문,FALSE,,3
질문요,111,질문,FALSE,,3
질문방,2,질문,FALSE,,3
질문들,1,질문,FALSE,,3
질문드,200,질문,FALSE,,3
진통제,12,약,FALSE,,3
진정한,1,진정,FALSE,,3
진입한,1,진입,FALSE,,3
진료볼,1,진료,FALSE,,3
진경제,1,약,FALSE,,3
직수형,1,정수기종류,FALSE,,3
직수해,17,직수,FALSE,,3
직수한,3,직수,FALSE,,3
직수요,7,직수,FALSE,,3
직수여,1,직수,FALSE,,3
직수분,1,직수맘,FALSE,,3
직수밖,2,직수,FALSE,,3
직수많,1,직수,FALSE,,3
직수만,3,직수,FALSE,,3
직수_,1,직수,FALSE,,3
직구해,2,직구,FALSE,,3
직구하,2,분유직구,FALSE,,3
지르텍,1,약,FALSE,,3
지려요,2,지리다,FALSE,,3
지난번,2,시간,FALSE,,3
증상좀,1,증상,FALSE,,3
증상이,1,증상,FALSE,,3
증상요,1,증상,FALSE,,3
증상들,2,증상,FALSE,,3
증량할,1,증량,FALSE,,3
증가해,1,증가,FALSE,,3
증가요,2,증가,FALSE,,3
즐겁게,1,즐겁다,FALSE,,3
쥐어짜,2,쥐어짜다,FALSE,,3
쥐나듯,1,쥐나다,FALSE,,3
중탕했,1,모유중탕,FALSE,,3
중탕해,13,모유중탕,FALSE,,3
중탕할,10,모유중탕,FALSE,,3
중탕한,21,모유중탕,FALSE,,3
중탕하,12,모유중탕,FALSE,,3
중탕법,2,모유중탕방법,FALSE,,3
중탕되,1,모유중탕,FALSE,,3
중수유,1,밤중수유,FALSE,,3
중방리,1,방귀,FALSE,,3
중단해,3,중단,FALSE,,3
중단전,1,모유수유중단,FALSE,,3
줄었어,1,감소,FALSE,,3
줄어요,1,감소,FALSE,,3
줄어듦,7,감소,FALSE,,3
줄까요,1,감소,FALSE,,3
준비해,10,준비,FALSE,,3
준비할,2,준비,FALSE,,3
준비한,1,준비,FALSE,,3
준느낌,1,느낌,FALSE,,3
주황색,3,색깔,FALSE,,3
주쓰요,1,음식,FALSE,,3
주수유,1,수유,FALSE,,3
주세요,95,주다,FALSE,,3
주사요,1,독감주사,FALSE,,3
주사약,1,약,FALSE,,3
주물럭,1,음식,FALSE,,3
주문제,1,밤수문제,FALSE,,3
주먹고,2,음식,FALSE,,3
주나_,1,주다,FALSE,,3
주기요,3,주기,FALSE,,3
종류요,5,종류,FALSE,,3
조제유,7,분유명,FALSE,,3
조제식,18,분유명,FALSE,,3
조제법,5,조유방법,FALSE,,3
조제량,1,조유량,FALSE,,3
조정해,1,조정,FALSE,,3
조절해,2,조절,FALSE,,3
조절이,1,조절,FALSE,,3
조절만,1,조절,FALSE,,3
조유할,2,조유,FALSE,,3
조유전,1,조유,FALSE,,3
조언즘,2,조언,FALSE,,3
조언좀,1,조언,FALSE,,3
조언들,1,조언,FALSE,,3
조미료,1,음식,FALSE,,3
조리중,1,산후조리,FALSE,,3
젤페디,1,미용,FALSE,,3
제자리,1,정체,FALSE,,3
제스트,3,브랜드명,FALSE,,3
제발요,6,요청,FALSE,,3
제각각,1,다르다,FALSE,,3
젖집착,1,집착,FALSE,,3
젖젖젖,1,모유,FALSE,,3
젖사랑,,모유,FALSE,,3
젖병사,1,젖병,FALSE,,3
젖병만,5,젖병,FALSE,,3
젖벼닝,1,젖병,FALSE,,3
젖말리,1,단유방법,FALSE,,3
젖만치,1,모유,FALSE,,3
젖돈다,2,젖이돈다,FALSE,,3
젖거부,,모유거부,FALSE,,3
젖_지,1,젖병젖꼭지,FALSE,,3
정확한,1,정확하다,FALSE,,3
정체요,1,정체,FALSE,,3
정돈지,1,정도,FALSE,,3
정돈데,1,정도,FALSE,,3
정도요,2,정도,FALSE,,3
정도씩,2,정도,FALSE,,3
정관장,1,브랜드명,FALSE,,3
접종해,1,접종,FALSE,,3
접근기,1,재접근기,FALSE,,3
점이요,1,장점,FALSE,,3
점심때,1,시간,FALSE,,3
점박이,1,분유이물질,FALSE,,3
절망적,1,절망,FALSE,,3
절망이,1,절망,FALSE,,3
전이요,1,도전,FALSE,,3
전유만,1,전유,FALSE,,3
전단계,4,단계,FALSE,,3
적정시,1,적정,FALSE,,3
적은거,1,적다,FALSE,,3
적어요,58,적다,FALSE,,3
적당한,2,적당하다,FALSE,,3
저장팩,16,분유저장팩,FALSE,,3
저장법,2,모유보관방법,FALSE,,3
저렴한,2,저렴하다,FALSE,,3
저녁때,2,시간,FALSE,,3
쟁여두,1,분유보관,FALSE,,3
재질문,1,질문,FALSE,,3
재수유,1,재수유,FALSE,,3
재수요,19,재수유,FALSE,,3
장염화,1,약,FALSE,,3
장염기,1,장염,FALSE,,3
장애요,1,선택장애,FALSE,,3
장소요,1,장소,FALSE,,3
장난치,1,장난,FALSE,,3
잡혀요,1,잡히다,FALSE,,3
잠이요,1,잠,FALSE,,3
잠시간,1,수면시간,FALSE,,3
잠만자,1,잔다,FALSE,,3
잠듦요,1,잔다,FALSE,,3
잘크톤,1,영양제,FALSE,,3
잘못한,1,잘못하다,FALSE,,3
잘못된,10,잘못되다,FALSE,,3
잔트름,1,트림,FALSE,,3
작은아,8,아기,FALSE,,3
자연장,1,수면연장,FALSE,,3
자연분,15,자연분만,FALSE,,3
자연단,1,자연단유,FALSE,,3
자세요,8,수유자세,FALSE,,3
자세여,2,수유자세,FALSE,,3
자면요,3,잔다,FALSE,,3
잉어즙,1,음식,FALSE,,3
있나요,3,질문,FALSE,,3
임페리,2,분유명,FALSE,,3
잃는아,1,아기,FALSE,,3
일찬데,2,개월,FALSE,,3
일차요,1,개월,FALSE,,3
일차예,1,개월,FALSE,,3
일짼데,14,개월,FALSE,,3
일짼대,1,개월,FALSE,,3
일째요,2,개월,FALSE,,3
일주일,71,기간,FALSE,,3
일정해,1,일정하다,FALSE,,3
일정한,1,일정하다,FALSE,,3
일정치,1,일정,FALSE,,3
일요일,1,요일,FALSE,,3
일어나,1,일어나다,FALSE,,3
일본산,2,수입산,FALSE,,3
일반내,1,일반내과,FALSE,,3
일루요,1,브랜드명,FALSE,,3
일루마,1,브랜드명,FALSE,,3
일동산,1,브랜드명,FALSE,,3
일단유,2,단유,FALSE,,3
일가량,2,개월,FALSE,,3
인펀트,2,아기두유,FALSE,,3
인진쑥,1,음식,FALSE,,3
이틀차,3,기간,FALSE,,3
이틀째,15,기간,FALSE,,3
이틀간,1,기간,FALSE,,3
이지컷,1,모유저장팩,FALSE,,3
이즈음,1,시간,FALSE,,3
이제일,2,개월,FALSE,,3
이유요,1,이유,FALSE,,3
이스트,13,이스트감염,FALSE,,3
이상한,8,이상하다,FALSE,,3
이삭요,1,음식,FALSE,,3
이브퀵,1,약,FALSE,,3
이모님,7,지인,FALSE,,3
이맘때,6,시간,FALSE,,3
이마트,175,브랜드명,FALSE,,3
이동해,1,이동,FALSE,,3
이뇨제,1,약,FALSE,,3
의도치,1,의도,FALSE,,3
의견들,1,의견,FALSE,,3
응어리,1,멍울,FALSE,,3
응아하,2,대변,FALSE,,3
응아랑,1,대변,FALSE,,3
응사했,1,대변,FALSE,,3
응사할,1,대변,FALSE,,3
응사하,2,대변,FALSE,,3
응가요,3,대변,FALSE,,3
음주요,1,음식,FALSE,,3
음식요,3,음식,FALSE,,3
은평구,1,지역,FALSE,,3
으깨요,1,질문,FALSE,,3
육아책,1,육아서적,FALSE,,3
육아종,1,임신성육아종,FALSE,,3
유화제,1,분유성분,FALSE,,3
유피스,13,브랜드명,FALSE,,3
유축해,47,유축,FALSE,,3
유축한,39,유축,FALSE,,3
유축유,2,유축,FALSE,,3
유축요,1,유축,FALSE,,3
유축보,1,유축,FALSE,,3
유축모,1,유축,FALSE,,3
유축만,13,유축,FALSE,,3
유축도,1,유축,FALSE,,3
유제품,3,음식,FALSE,,3
유리한,1,유리하다,FALSE,,3
유리병,2,젖병종류,FALSE,,3
유륜까,5,유륜,FALSE,,3
유두종,1,인유두종바이러스,FALSE,,3
유당적,1,유당,FALSE,,3
유구요,4,유구염,FALSE,,3
유_양,3,유축량,FALSE,,3
윗가슴,1,가슴,FALSE,,3
위치요,1,위치,FALSE,,3
위장약,1,약,FALSE,,3
위염약,1,약,FALSE,,3
위스퍼,1,브랜드명,FALSE,,3
위드맘,24,분유명,FALSE,,3
월요일,3,요일,FALSE,,3
원해요,2,원하다,FALSE,,3
원피스,1,수유복,FALSE,,3
원장님,1,조리원원장,FALSE,,3
울트라,2,젖병명,FALSE,,3
울어요,2,울다,FALSE,,3
운동해,1,운동,FALSE,,3
우측기,1,유축기,FALSE,,3
우유요,2,우유,FALSE,,3
우유색,2,모유색깔,FALSE,,3
우유명,1,생우유,FALSE,,3
우유먹,1,우유,FALSE,,3
우먼스,1,약,FALSE,,3
우리요,1,멍울,FALSE,,3
우리기,1,아기,FALSE,,3
우떻게,1,질문,FALSE,,3
용쓰고,1,용쓰기,FALSE,,3
용써요,5,용쓰기,FALSE,,3
욕구요,2,욕구,FALSE,,3
요플레,1,음식,FALSE,,3
요청드,1,요청,FALSE,,3
요맘때,1,시간,FALSE,,3
요관통,1,유관통,FALSE,,3
외출해,1,외출,FALSE,,3
왕초보,3,초보엄마,FALSE,,3
왈칵토,1,분수토,FALSE,,3
완분요,4,완분,FALSE,,3
완분신,2,완분,FALSE,,3
완분면,4,완분,FALSE,,3
완분냐,3,완분,FALSE,,3
완보하,51,완모,FALSE,,3
완몬데,1,완모,FALSE,,3
완모흘,1,완모,FALSE,,3
완모해,1,완모,FALSE,,3
완모분,7,완모,FALSE,,3
완모로,1,완모,FALSE,,3
완모들,1,완모맘,FALSE,,3
완모님,6,완모,FALSE,,3
와이드,1,브랜드명,FALSE,,3
옷이요,1,수유복,FALSE,,3
온종일,1,기간,FALSE,,3
온도요,9,온도,FALSE,,3
온도여,1,온도,FALSE,,3
옥수수,1,음식,FALSE,,3
옥가루,2,음식,FALSE,,3
오프맘,1,브랜드명,FALSE,,3
오키타,1,오케타니마사지,FALSE,,3
오케타,26,오케타니마사지,FALSE,,3
오케마,1,오케타니마사지,FALSE,,3
오징어,3,음식,FALSE,,3
오작어,1,음식,FALSE,,3
오스힙,1,분유명,FALSE,,3
오션스,1,젖병명,FALSE,,3
오브맘,1,분유명,FALSE,,3
오메가,10,영양제,FALSE,,3
오른쪽,1,위치,FALSE,,3
오랜만,7,기간,FALSE,,3
오가닉,2,분유명,FALSE,,3
예민한,2,예민하다,FALSE,,3
엿기름,18,단유음식,FALSE,,3
염소똥,1,대변,FALSE,,3
염색해,1,미용,FALSE,,3
염색하,1,미용,FALSE,,3
열흘째,3,기간,FALSE,,3
열흘간,1,기간,FALSE,,3
열탕해,1,열탕소독,FALSE,,3
열탕할,1,열탕소독,FALSE,,3
열탕하,1,열탕소독,FALSE,,3
연화증,2,후두연화증,FALSE,,3
연두색,3,색깔,FALSE,,3
연고요,2,연고,FALSE,,3
역류방,1,역류방지 ,FALSE,,3
여부요,1,질문,FALSE,,3
여름나,1,여름나기,FALSE,,3
여러모,1,여러가지,FALSE,,3
에이치,2,분유명,FALSE,,3
엊그제,1,시간,FALSE,,3
엇데요,1,질문,FALSE,,3
없어요,1,없다,FALSE,,3
없대서,1,없다,FALSE,,3
없는거,1,없다,FALSE,,3
업해주,1,분유단계업,FALSE,,3
업해야,6,업,FALSE,,3
업한다,1,분유단계업,FALSE,,3
업타운,1,정수기브랜드명,FALSE,,3
엄만데,1,엄마,FALSE,,3
엄마젖,6,모유,FALSE,,3
엄마맘,1,엄마,FALSE,,3
엄마들,204,엄마,FALSE,,3
엄마님,2,엄마,FALSE,,3
엄니들,1,엄마,FALSE,,3
엄나무,1,음식,FALSE,,3
얼먹다,1,분유명,FALSE,,3
얼만지,1,질문,FALSE,,3
얼마쯤,1,질문,FALSE,,3
얼마주,2,질문,FALSE,,3
얼마씩,8,질문,FALSE,,3
얼그레,1,음식,FALSE,,3
언젠간,1,언제,FALSE,,3
언제쯤,181,언제,FALSE,,3
언제들,1,언제,FALSE,,3
언저리,2,근처,FALSE,,3
어플요,1,어플,FALSE,,3
어찌해,2,질문,FALSE,,3
어찌하,1,질문,FALSE,,3
어찌들,2,질문,FALSE,,3
어찌드,1,질문,FALSE,,3
어쩌다,1,질문,FALSE,,3
어째요,3,질문,FALSE,,3
어째야,8,질문,FALSE,,3
어중간,1,어중간하다,FALSE,,3
어젯밤,6,시간,FALSE,,3
어제부,1,시간,FALSE,,3
어물님,1,엄마,FALSE,,3
어멈님,3,엄마,FALSE,,3
어머님,1,엄마,FALSE,,3
어마하,1,어마하게,FALSE,,3
어른들,1,지인,FALSE,,3
어뜨카,1,질문,FALSE,,3
어떤지,6,질문,FALSE,,3
어떤데,1,질문,FALSE,,3
양파즙,4,음식,FALSE,,3
양치요,2,양치,FALSE,,3
양이요,39,양,FALSE,,3
양이여,1,모유량,FALSE,,3
양배추,15,음식,FALSE,,3
약이요,2,약,FALSE,,3
약사분,1,약사,FALSE,,3
약사님,1,약사,FALSE,,3
약물복,1,약복용,FALSE,,3
앱솔면,1,분유명,FALSE,,3
액티브,1,영양제,FALSE,,3
액상형,2,액상,FALSE,,3
애긴데,1,아기,FALSE,,3
애기토,1,구토,FALSE,,3
압터밀,1,분유명,FALSE,,3
압타밀,765,분유명,FALSE,,3
알펜비,2,사이트명,FALSE,,3
알코올,4,음식,FALSE,,3
알아먹,1,이해,FALSE,,3
알마만,1,기간,FALSE,,3
알마겔,1,약,FALSE,,3
알려주,3,조언,FALSE,,3
알레프,1,분유명,FALSE,,3
알레르,6,알레르기,FALSE,,3
않아요,2,않다,FALSE,,3
안해요,2,안한다,FALSE,,3
안찌다,1,안찐다,FALSE,,3
안쪄요,1,안찌다,FALSE,,3
안줘요,1,안준다,FALSE,,3
안정화,1,안정되다,FALSE,,3
안정적,1,안정되다,FALSE,,3
안잡히,1,안잡힌다,FALSE,,3
안자요,1,안잔다,FALSE,,3
안일어,1,안일어난다,FALSE,,3
안빼요,1,안뺀다,FALSE,,3
안물때,1,안문다,FALSE,,3
안문다,1,안빤다,FALSE,,3
안먹고,1,안먹는다,FALSE,,3
안돼요,4,안된다,FALSE,,3
안눠도,1,변비,FALSE,,3
안녹음,1,안녹는다,FALSE,,3
안고픈,2,안고프다,FALSE,,3
안가요,1,안간다,FALSE,,3
안_으,1,안먹다,FALSE,,3
아프진,1,통증,FALSE,,3
아프다,2,통증,FALSE,,3
아포요,1,유두통증,FALSE,,3
아파요,4,통증,FALSE,,3
아타미,1,분유명,FALSE,,3
아쿠아,1,미용,FALSE,,3
아이요,1,아기,FALSE,,3
아이엠,16,분유명,FALSE,,3
아이스,4,음식,FALSE,,3
아이비,1,브랜드명,FALSE,,3
아이배,1,브랜드명,FALSE,,3
아이들,9,아기,FALSE,,3
아벤트,15,브랜드명,FALSE,,3
아바타,74,분유명,FALSE,,3
아몬드,2,음식,FALSE,,3
아래쪽,3,방향,FALSE,,3
아긴데,10,아기,FALSE,,3
아기잠,1,잠,FALSE,,3
아기잘,1,아기,FALSE,,3
아기용,3,아기,FALSE,,3
아기요,38,아기,FALSE,,3
아기분,3,분유량,FALSE,,3
아기똥,4,대변,FALSE,,3
아기들,105,아기,FALSE,,3
아기강,1,아기,FALSE,,3
아기가,1,아기,FALSE,,3
아간데,2,아기,FALSE,,3
아가용,1,아기,FALSE,,3
아가요,17,아기,FALSE,,3
아가배,1,배,FALSE,,3
아가들,122,아기,FALSE,,3
씨밀래,1,브랜드명,FALSE,,3
쓰라림,1,통증,FALSE,,3
쌍화탕,1,약,FALSE,,3
쌀가루,1,음식,FALSE,,3
십오분,1,시간,FALSE,,3
심해요,47,심하다,FALSE,,3
심한대,1,심하다,FALSE,,3
심포니,4,브랜드명,FALSE,,3
실패한,2,실패,FALSE,,3
실수한,1,실수,FALSE,,3
실리콘,2,브랜드명,FALSE,,3
신호요,1,신호,FALSE,,3
신청해,1,신청,FALSE,,3
식수유,1,직수,FALSE,,3
식사요,2,식사,FALSE,,3
시큼한,1,시큼하다,FALSE,,3
시작해,10,시작,FALSE,,3
시작한,2,시작,FALSE,,3
시인분,1,완모맘,FALSE,,3
시원한,1,시원하다,FALSE,,3
시술해,2,시술,FALSE,,3
시분들,1,엄마,FALSE,,3
시밀레,2,브랜드명,FALSE,,3
시밀러,1,브랜드명,FALSE,,3
시밀락,8,브랜드명,FALSE,,3
시리즈,1,분유명,FALSE,,3
시리얼,1,음식,FALSE,,3
시도해,5,시도,FALSE,,3
시도요,1,분유수유시도,FALSE,,3
시누이,1,지인,FALSE,,3
시노란,1,브랜드명,FALSE,,3
시기포,1,기포,FALSE,,3
시기운,1,기운,FALSE,,3
시기요,18,시기,FALSE,,3
시간쯤,1,시간,FALSE,,3
시간적,1,시간,FALSE,,3
시간이,1,시간,FALSE,,3
시간요,3,시간,FALSE,,3
시간씩,9,시간,FALSE,,3
시간들,1,시간,FALSE,,3
슬포요,1,슬프다,FALSE,,3
슬퍼요,1,슬프다,FALSE,,3
스푼이,1,스푼,FALSE,,3
스푼요,1,스푼,FALSE,,3
스펙트,7,유축기브랜드명,FALSE,,3
스펙라,1,유축기브랜드명,FALSE,,3
스타덤,1,연고,FALSE,,3
스크루,1,스크류,FALSE,,3
스유텀,1,수유텀,FALSE,,3
스와들,4,속싸개,FALSE,,3
스마트,1,분유명,FALSE,,3
슈님들,1,고수,FALSE,,3
술이요,3,음식,FALSE,,3
순식간,1,시간,FALSE,,3
순두부,8,음식,FALSE,,3
순댓국,2,음식,FALSE,,3
수페리,2,분유명,FALSE,,3
수입용,1,분유명,FALSE,,3
수유해,168,수유,FALSE,,3
수유한,7,수유,FALSE,,3
수유티,1,수유복,FALSE,,3
수유주,3,수유부,FALSE,,3
수유전,9,수유,FALSE,,3
수유용,1,수유,FALSE,,3
수유요,36,수유,FALSE,,3
수유옷,1,수유복,FALSE,,3
수유양,,수유량,FALSE,,3
수유시,2,수유,FALSE,,3
수유분,1,모유수유맘,FALSE,,3
수유만,2,수유,FALSE,,3
수유두,1,수유,FALSE,,3
수유동,2,지역,FALSE,,3
수요일,5,요일,FALSE,,3
수술해,2,수술,FALSE,,3
수면제,1,약,FALSE,,3
쇳가루,1,분유이물질,FALSE,,3
솔리스,1,브랜드명,FALSE,,3
속상한,2,속상,FALSE,,3
속눈썹,5,미용,FALSE,,3
소화제,9,약,FALSE,,3
소프트,1,브랜드명,FALSE,,3
소주잔,1,음식,FALSE,,3
소염제,1,약,FALSE,,3
소아비,1,소아비만,FALSE,,3
소분해,1,소분,FALSE,,3
소분한,1,소분,FALSE,,3
소분하,1,소분,FALSE,,3
소리요,8,소리,FALSE,,3
소리산,1,분유명,FALSE,,3
소리가,1,소리,FALSE,,3
소독한,1,소독,FALSE,,3
셰이크,3,음식,FALSE,,3
셀렉스,1,음식,FALSE,,3
센서티,1,분유명,FALSE,,3
세척해,1,세척,FALSE,,3
성장급,1,성장급등기,FALSE,,3
성공한,1,성공,FALSE,,3
성공적,1,성공,FALSE,,3
섭취해,1,섭취,FALSE,,3
섭취법,1,섭취방법,FALSE,,3
설루션,1,솔루션,FALSE,,3
설렁탕,1,음식,FALSE,,3
선택한,1,분유선택,FALSE,,3
섞여먹,1,혼합,FALSE,,3
섞어먹,1,혼합,FALSE,,3
석류초,1,음식,FALSE,,3
석류즙,1,음식,FALSE,,3
서운한,1,서운하다,FALSE,,3
서리태,1,음식,FALSE,,3
샴페인,1,음식,FALSE,,3
생후일,1,개월,FALSE,,3
생초보,1,초보,FALSE,,3
생유유,1,우유,FALSE,,3
생우유,60,우유,FALSE,,3
생양파,1,음식,FALSE,,3
생선회,1,음식,FALSE,,3
생맥주,2,음식,FALSE,,3
생리할,5,생리,FALSE,,3
생리하,9,생리,FALSE,,3
생리요,6,생리,FALSE,,3
생리여,1,생리,FALSE,,3
생리량,1,생리량,FALSE,,3
생강차,1,음식,FALSE,,3
생각만,1,생각,FALSE,,3
생각들,1,생각,FALSE,,3
샐러드,1,음식,FALSE,,3
색깔이,1,색깔,FALSE,,3
색깔요,1,모유색깔,FALSE,,3
새우깡,1,음식,FALSE,,3
새벽수,1,새벽수유,FALSE,,3
상처요,4,상처,FALSE,,3
상이요,1,양상,FALSE,,3
샀어요,1,구입,FALSE,,3
샀는데,1,구입,FALSE,,3
삼일차,1,개월,FALSE,,3
삼십분,1,시간,FALSE,,3
삼다수,4,브랜드명,FALSE,,3
삼계탕,2,음식,FALSE,,3
삼겹살,1,음식,FALSE,,3
살짝씩,1,조금씩,FALSE,,3
산양유,7,분유명,FALSE,,3
산모님,3,산모,FALSE,,3
산낙지,1,음식,FALSE,,3
사항들,1,사항,FALSE,,3
사진有,1,사진,FALSE,,3
사정상,3,정상,FALSE,,3
사용해,26,사용,FALSE,,3
사골국,1,음식,FALSE,,3
삐뽀책,1,육아서적,FALSE,,3
뽕나무,1,음식,FALSE,,3
뻐팅김,2,버티다,FALSE,,3
뻐팅기,1,버티다,FALSE,,3
빵이요,1,음식,FALSE,,3
빵빵할,1,빵빵하다,FALSE,,3
빵빵하,1,땡땡하다,FALSE,,3
빨아요,2,빨다,FALSE,,3
빨아먹,2,빨다,FALSE,,3
빨간약,1,약,FALSE,,3
빠른다,1,빠르다,FALSE,,3
비판단,4,연고,FALSE,,3
비정한,1,비정하다,FALSE,,3
비오틴,2,영양제,FALSE,,3
비염약,2,약,FALSE,,3
비어요,1,비워진다,FALSE,,3
비앤비,1,브랜드명,FALSE,,3
비슷한,3,비슷하다,FALSE,,3
비빔면,1,음식,FALSE,,3
비비언,1,브랜드명,FALSE,,3
비벼요,1,비비다,FALSE,,3
비베드,,브랜드명,FALSE,,3
비방디,1,미용,FALSE,,3
비교여,1,분유비교,FALSE,,3
블루스,1,난리,FALSE,,3
브리즈,1,음식,FALSE,,3
브리다,1,분유명,FALSE,,3
브레짱,1,브랜드명,FALSE,,3
브레짜,7,브랜드명,FALSE,,3
붉은색,1,색깔,FALSE,,3
불편한,2,불편,FALSE,,3
불투명,1,색깔,FALSE,,3
불가한,1,직수불가,FALSE,,3
분홍색,1,색깔,FALSE,,3
분이냐,1,완분,FALSE,,3
분유탈,,조유,FALSE,,3
분유캔,2,분유통,FALSE,,3
분유축,3,유축기,FALSE,,3
분유정,1,분유정체기,FALSE,,3
분유요,79,분유,FALSE,,3
분유안,,분유,FALSE,,3
분유보,1,분유,FALSE,,3
분유별,1,분유,FALSE,,3
분유미,2,분유준비,FALSE,,3
분유문,1,분유문의,FALSE,,3
분유만,1,분유,FALSE,,3
분유량,896,분유,FALSE,,3
분유들,2,분유,FALSE,,3
분유두,15,유두,FALSE,,3
분유값,2,분유가격,FALSE,,3
분우량,1,분유량,FALSE,,3
분리해,1,분리,FALSE,,3
분리요,1,분리,FALSE,,3
분류안,2,분유,FALSE,,3
부탁용,1,부탁,FALSE,,3
부탁요,2,부탁,FALSE,,3
부탁드,351,부탁,FALSE,,3
부족해,6,부족,FALSE,,3
부족한,71,부족,FALSE,,3
부작용,7,약,FALSE,,3
부유물,27,분유물,FALSE,,3
부실해,1,부실,FALSE,,3
부분적,3,일부,FALSE,,3
부모님,1,지인,FALSE,,3
볶음밥,1,음식,FALSE,,3
복용해,5,복용,FALSE,,3
복숭아,7,음식,FALSE,,3
보호대,1,유두보호기,FALSE,,3
보톡스,1,미용,FALSE,,3
보충해,5,보충,FALSE,,3
보충이,1,보충,FALSE,,3
보충용,1,보충,FALSE,,3
보충요,2,보충,FALSE,,3
보충량,2,분유보충량,FALSE,,3
보이차,1,음식,FALSE,,3
보유량,3,조유량,FALSE,,3
보릿물,1,아기물,FALSE,,3
보리차,8,물,FALSE,,3
보드카,1,음식,FALSE,,3
보관해,16,모유보관,FALSE,,3
보관함,1,모유보관,FALSE,,3
보관한,5,모유보관,FALSE,,3
보관일,1,모유보관일,FALSE,,3
보관이,1,보관,FALSE,,3
보관요,1,분유보관,FALSE,,3
병행해,2,병행,FALSE,,3
변횟수,4,대변횟수,FALSE,,3
변지림,1,대변양상,FALSE,,3
변이요,7,대변,FALSE,,3
변색깔,2,변,FALSE,,3
변비요,8,변비,FALSE,,3
변비약,7,약,FALSE,,3
변비끼,2,변비,FALSE,,3
변관련,1,대변,FALSE,,3
변경해,6,변경,FALSE,,3
변경시,1,변경시기,FALSE,,3
베지밀,5,음식,FALSE,,3
법이요,22,방법,FALSE,,3
버스터,2,약,FALSE,,3
버블티,1,음식,FALSE,,3
버리긴,1,버리다,FALSE,,3
버거킹,1,브랜드명,FALSE,,3
뱃노래,15,뱃구레,FALSE,,3
뱃구레,7,뱃골,FALSE,,3
뱃골만,1,뱃구레,FALSE,,3
백반증,6,유두백반,FALSE,,3
배앓이,54,영아산통,FALSE,,3
배불러,1,배부르다,FALSE,,3
배부르,2,배부르다,FALSE,,3
방지약,1,연고,FALSE,,3
방지법,1,가슴관리,FALSE,,3
방법요,5,방법,FALSE,,3
방구왕,1,방귀,FALSE,,3
밥이요,1,음식,FALSE,,3
밤호박,1,단유음식,FALSE,,3
밤잠전,1,밤잠,FALSE,,3
밤잠잘,1,밤잠,FALSE,,3
밤잠시,1,밤잠,FALSE,,3
밤에요,1,밤,FALSE,,3
밤슈유,1,밤수,FALSE,,3
밤수한,3,밤수,FALSE,,3
밤수하,8,밤수,FALSE,,3
밤수중,1,밤수,FALSE,,3
밤수줄,1,밤수,FALSE,,3
밤수전,1,밤수,FALSE,,3
밤수유,99,밤수,FALSE,,3
밤수요,19,밤수,FALSE,,3
밤수시,1,밤수,FALSE,,3
밤수문,1,밤수,FALSE,,3
밤수를,1,밤수,FALSE,,3
발치요,1,발치,FALSE,,3
반영구,2,미용,FALSE,,3
반대편,5,모유수유,FALSE,,3
반나절,1,시간,FALSE,,3
박카스,1,음식,FALSE,,3
박경숙,2,상담센터,FALSE,,3
바이오,2,분유명,FALSE,,3
바운스,1,바운서,FALSE,,3
바삭하,1,음식,FALSE,,3
바사삭,1,음식,FALSE,,3
바로바,1,즉시,FALSE,,3
바닷가,1,장소,FALSE,,3
바나나,1,음식,FALSE,,3
바끌깨,1,교체,FALSE,,3
바꿈수,2,변경,FALSE,,3
바깥쪽,2,방향,FALSE,,3
밀타운,1,단유차,FALSE,,3
밀크티,3,음식,FALSE,,3
밀이요,10,분유명,FALSE,,3
밀수입,1,브랜드명,FALSE,,3
밀가루,13,음식,FALSE,,3
민소매,3,수유복,FALSE,,3
민감한,1,민감하다,FALSE,,3
미용해,2,미용,FALSE,,3
미역국,12,음식,FALSE,,3
미디엄,1,사이즈,FALSE,,3
뮐까요,1,질문,FALSE,,3
뭘까요,81,질문,FALSE,,3
뭔지왜,1,질문,FALSE,,3
뭔가요,91,질문,FALSE,,3
뭉치시,1,뭉치다,FALSE,,3
뭉쳐요,1,뭉치다,FALSE,,3
물파스,1,약,FALSE,,3
물젖만,1,전유,FALSE,,3
물이요,6,물,FALSE,,3
물어요,1,물다,FALSE,,3
물살짝,1,분유물,FALSE,,3
물면요,1,물다,FALSE,,3
물먹여,1,아기물,FALSE,,3
물리면,4,물리다,FALSE,,3
문젠지,2,문제,FALSE,,3
문제점,1,문제,FALSE,,3
문제요,2,문제,FALSE,,3
문의용,3,질문,FALSE,,3
문의요,65,질문,FALSE,,3
문의여,2,질문,FALSE,,3
문의드,112,질문,FALSE,,3
문신해,2,미용,FALSE,,3
무항생,1,분유명,FALSE,,3
무지한,5,무지하다,FALSE,,3
무준비,1,분유물 준비,FALSE,,3
무좀약,1,약,FALSE,,3
무전분,36,분유명,FALSE,,3
무언가,1,질문,FALSE,,3
무너짐,1,새벽수유텀실패,FALSE,,3
몽우리,20,멍울,FALSE,,3
못물다,1,못빤다,FALSE,,3
못먹으,1,못먹다,FALSE,,3
몸살끼,1,몸살기운,FALSE,,3
몸살기,1,몸살기운,FALSE,,3
몸무게,269,체중,FALSE,,3
몸뚱이,1,몸,FALSE,,3
몰아먹,2,몰아먹다,FALSE,,3
목욕탕,1,장소,FALSE,,3
목요일,2,요일,FALSE,,3
모지랄,1,분유부족,FALSE,,3
모자르,1,부족,FALSE,,3
모자라,1,부족,FALSE,,3
모유휴,1,모유,FALSE,,3
모유해,2,모유,FALSE,,3
모유축,1,유축,FALSE,,3
모유찰,2,모유,FALSE,,3
모유적,1,모유,FALSE,,3
모유요,21,모유,FALSE,,3
모유수,1,모유수유,FALSE,,3
모유색,15,모유색깔,FALSE,,3
모유보,1,모유보관,FALSE,,3
모유모,1,완모,FALSE,,3
모유만,2,모유,FALSE,,3
모유두,2,모유,FALSE,,3
모유끈,1,단유,FALSE,,3
모예용,1,질문,FALSE,,3
모리츠,1,브랜드명,FALSE,,3
몇시간,1,시간,FALSE,,3
몇뷴씩,1,시간,FALSE,,3
몇단계,1,분유단계,FALSE,,3
며칠쯤,1,기간,FALSE,,3
며칠째,13,기간,FALSE,,3
며칠간,1,기간,FALSE,,3
멘붕요,1,멘붕,FALSE,,3
멘델레,1,유축기브랜드명,FALSE,,3
멕어요,1,먹다,FALSE,,3
메델라,22,유축기브랜드명,FALSE,,3
멍울지,2,멍울,FALSE,,3
멍울요,1,멍울,FALSE,,3
멍울들,1,멍울,FALSE,,3
멈_던,1,분유중단,FALSE,,3
먼가욥,1,질문,FALSE,,3
먹일혀,1,수유,FALSE,,3
먹이시,37,먹이다,FALSE,,3
먹이면,3,먹이다,FALSE,,3
먹이기,9,먹다,FALSE,,3
먹은걸,2,수유량,FALSE,,3
먹어요,6,먹다,FALSE,,3
먹던걸,1,먹던것,FALSE,,3
먹다만,1,먹다,FALSE,,3
먹는아,3,아기,FALSE,,3
먹는거,1,먹다,FALSE,,3
먹네요,1,먹다,FALSE,,3
먹고픈,1,먹고싶어한다,FALSE,,3
먹고프,1,먹고싶어한다,FALSE,,3
먹걸리,1,음식,FALSE,,3
머스캣,1,음식,FALSE,,3
머리요,1,머리,FALSE,,3
머리론,1,머리,FALSE,,3
머글까,1,먹다,FALSE,,3
맨붕되,1,멘붕,FALSE,,3
맥시멈,1,최대수유량,FALSE,,3
매콤한,3,매콤하다,FALSE,,3
매운탕,1,음식,FALSE,,3
맛이요,1,맛,FALSE,,3
맛고분,1,맛구분,FALSE,,3
맘이요,1,맘,FALSE,,3
맘에요,1,맘,FALSE,,3
맘분유,1,분유,FALSE,,3
맘분들,2,엄마,FALSE,,3
맘라떼,1,모유촉진차브랜드명,FALSE,,3
맘님들,191,엄마,FALSE,,3
맘꼭지,1,젖병젖꼭지,FALSE,,3
말리기,1,단유,FALSE,,3
말랑해,2,말랑하다,FALSE,,3
말랑한,2,말랑하다,FALSE,,3
말랑하,4,말랑하다,FALSE,,3
많이들,4,많이,FALSE,,3
많이_,1,많다,FALSE,,3
많아요,2,많다,FALSE,,3
많아서,1,많다,FALSE,,3
만족해,1,만족하다,FALSE,,3
막수훈,1,막수,FALSE,,3
막수후,2,막수,FALSE,,3
막수할,3,막수,FALSE,,3
막수하,13,막수,FALSE,,3
막수텀,1,막수텀,FALSE,,3
막수타,1,막수,FALSE,,3
막수중,1,막수,FALSE,,3
막수전,1,막수,FALSE,,3
막수유,1,막수,FALSE,,3
막수요,2,막수,FALSE,,3
막수양,6,막수량,FALSE,,3
막수만,20,막수,FALSE,,3
막수리,2,막수,FALSE,,3
막수라,1,막수,FALSE,,3
막수때,1,막수,FALSE,,3
막수건,1,막수,FALSE,,3
막국수,2,음식,FALSE,,3
막걸리,8,음식,FALSE,,3
마카롱,5,음식,FALSE,,3
마시지,1,마사지,FALSE,,3
마미들,1,엄마,FALSE,,3
마마들,2,엄마,FALSE,,3
마마님,18,엄마,FALSE,,3
마를새,1,마르다,FALSE,,3
마르면,1,단유,FALSE,,3
마르고,1,마르다,FALSE,,3
마라탕,1,음식,FALSE,,3
마더케,11,브랜드명,FALSE,,3
마늘빵,1,음식,FALSE,,3
리뉴얼,12,분유명,FALSE,,3
루미낙,1,브랜드명,FALSE,,3
뢰벤짠,34,분유명,FALSE,,3
로티보,1,음식,FALSE,,3
로타텍,1,로타바이러스,FALSE,,3
렌느제,1,렌느제이마사지,FALSE,,3
레티놀,1,미용,FALSE,,3
레인지,1,전자레인지,FALSE,,3
레인보,1,비타민제,FALSE,,3
레이저,3,미용,FALSE,,3
레시틴,1,영양제,FALSE,,3
레벨업,1,분유단계업,FALSE,,3
락피도,,유산균브랜드명,FALSE,,3
락티나,1,유축기명,FALSE,,3
락토핏,1,브랜드명,FALSE,,3
락이요,5,분유명,FALSE,,3
라이트,1,비타민,FALSE,,3
라이스,1,음식,FALSE,,3
띵띵해,1,띵띵하다,FALSE,,3
뚝뚝뚝,1,젖이흐름,FALSE,,3
똥구멍,5,아기항문,FALSE,,3
떼기요,1,젖병떼기,FALSE,,3
떨어져,1,떨어지다,FALSE,,3
떡실신,2,수면,FALSE,,3
떡볶이,11,음식,FALSE,,3
땡땡해,1,단단,FALSE,,3
땡땡한,3,땡땡하다,FALSE,,3
땡땡하,3,땡땡하다,FALSE,,3
땜에요,1,이유,FALSE,,3
때완모,1,완모,FALSE,,3
딴딴해,1,딴딴하다,FALSE,,3
따뜻한,3,따뜻하다,FALSE,,3
디톡스,2,음식,FALSE,,3
디카페,31,음식,FALSE,,3
디저트,1,음식,FALSE,,3
디오스,1,브랜드명,FALSE,,3
들러붙,1,달라붙다,FALSE,,3
드롭스,1,브랜드명,FALSE,,3
듀파락,1,약,FALSE,,3
두피케,1,미용,FALSE,,3
두통약,2,약,FALSE,,3
두유요,1,아기두유,FALSE,,3
될지요,1,질문,FALSE,,3
될까요,1,질문,FALSE,,3
될까_,1,질문,FALSE,,3
된대요,1,단유예정,FALSE,,3
되짚기,2,뒤집기,FALSE,,3
되직할,1,되직하다,FALSE,,3
되직한,2,되직하다,FALSE,,3
되써요,1,진입,FALSE,,3
되너요,1,질문,FALSE,,3
되나요,1,질문,FALSE,,3
돨까요,1,질문,FALSE,,3
동시간,1,시간,FALSE,,3
돌아요,1,돈다,FALSE,,3
돌리시,1,사용하다,FALSE,,3
돌되믄,1,돌,FALSE,,3
돌끝맘,1,돌끝맘,FALSE,,3
돌까지,1,돌,FALSE,,3
돌가슴,1,가슴,FALSE,,3
독일힙,4,분유명,FALSE,,3
도전해,3,도전,FALSE,,3
도와쥬,1,도움요청,FALSE,,3
도와주,1,도움요청,FALSE,,3
도오주,2,도움요청,FALSE,,3
도루묵,1,원점,FALSE,,3
도라지,1,음식,FALSE,,3
데니시,1,브랜드명,FALSE,,3
더하트,1,브랜드명,FALSE,,3
더블파,3,브랜드명,FALSE,,3
더블트,1,브랜드명,FALSE,,3
대처해,1,대처,FALSE,,3
대중탕,2,사우나,FALSE,,3
대비해,1,대비,FALSE,,3
대변을,1,대변,FALSE,,3
대변봤,1,대변,FALSE,,3
대변볼,2,대변,FALSE,,3
대변본,1,대변,FALSE,,3
대변보,3,대변,FALSE,,3
대나무,1,음식,FALSE,,3
당황쓰,1,당황,FALSE,,3
답변좀,1,답변,FALSE,,3
답변드,1,답변,FALSE,,3
담해요,1,단단하다,FALSE,,3
담아놔,1,덜어놓다,FALSE,,3
닭갈비,1,음식,FALSE,,3
달짼데,2,개월,FALSE,,3
달래요,2,달라고 하다,FALSE,,3
달래여,1,달란다,FALSE,,3
달라요,25,다르다,FALSE,,3
달라고,2,달란다,FALSE,,3
달달해,1,달달,FALSE,,3
달달한,10,달다,FALSE,,3
달_고,1,개월,FALSE,,3
단호박,3,음식,FALSE,,3
단축해,1,단축,FALSE,,3
단유해,2,단유,FALSE,,3
단유중,1,단유,FALSE,,3
단유준,1,단유준비,FALSE,,3
단유젖,1,단유,FALSE,,3
단유요,11,단유,FALSE,,3
단유시,3,단유,FALSE,,3
단유법,12,단유방법,FALSE,,3
단유방,30,단유방법,FALSE,,3
단유두,2,단유,FALSE,,3
단유노,1,단유,FALSE,,3
단단해,2,단단하다,FALSE,,3
단계용,1,단계,FALSE,,3
단계업,1,분유단계업,FALSE,,3
닥트랑,1,브랜드명,FALSE,,3
다음날,4,시간,FALSE,,3
다양한,1,다양,FALSE,,3
다섯시,2,시간,FALSE,,3
다거부,1,모두거부,FALSE,,3
늘어요,1,늘리다,FALSE,,3
늘리기,1,늘리기,FALSE,,3
느나용,1,증가,FALSE,,3
느낌이,1,느낌,FALSE,,3
느끼무,1,느낌,FALSE,,3
뉴트라,4,분유명,FALSE,,3
뉴위드,11,분유명,FALSE,,3
눕수유,1,눕수,FALSE,,3
눕수시,2,눕수,FALSE,,3
눕소요,1,눕수,FALSE,,3
눕소만,2,눕수,FALSE,,3
누트라,3,분유명,FALSE,,3
누크같,1,브랜드명,FALSE,,3
누레요,1,색깔,FALSE,,3
높이기,1,분유단계업,FALSE,,3
녹십자,7,브랜드명,FALSE,,3
녹물변,1,대변양상,FALSE,,3
노발랍,1,분유명,FALSE,,3
노발락,450,분유명,FALSE,,3
노란색,5,색,FALSE,,3
넷이즈,1,분유명,FALSE,,3
네이버,2,사이트명,FALSE,,3
네슬레,3,브랜드명,FALSE,,3
네다섯,1,수유횟수,FALSE,,3
넣어놔,1,넣다,FALSE,,3
넘어요,1,넘다,FALSE,,3
넘아파,2,아프다,FALSE,,3
넘아가,2,넘어가다,FALSE,,3
넘버요,2,넘버,FALSE,,3
너무차,1,차이,FALSE,,3
너구리,1,음식,FALSE,,3
냉동해,4,냉동,FALSE,,3
냉동한,1,냉동,FALSE,,3
냄새요,5,냄새,FALSE,,3
낼이_,1,시간,FALSE,,3
낼모레,5,시간,FALSE,,3
내추럴,1,젖꼭지명,FALSE,,3
내로우,1,젖병명,FALSE,,3
낮수유,12,낮수,FALSE,,3
낮수양,1,낮수유량,FALSE,,3
남아요,2,남다,FALSE,,3
나와요,157,나온다,FALSE,,3
나오질,1,나온다,FALSE,,3
나오기,1,나온다,FALSE,,3
나비잠,1,아기옷,FALSE,,3
나눠먹,1,나눠먹다,FALSE,,3
끝나긴,1,끝나다,FALSE,,3
끙끙댐,1,끙끙대다,FALSE,,3
끙끙대,2,끙끙대다,FALSE,,3
끊을라,1,밤수끊기,FALSE,,3
끊어먹,5,끊어먹다,FALSE,,3
끊나요,1,밤수끊기,FALSE,,3
끊나오,1,밤수끊기,FALSE,,3
끊기요,4,끊기,FALSE,,3
끈적거,1,끈적이다,FALSE,,3
뀌어요,1,뀌다,FALSE,,3
꿈수해,2,꿈수,FALSE,,3
꿈수한,1,꿈수,FALSE,,3
꿈수하,3,꿈수,FALSE,,3
꿈수유,2,꿈수,FALSE,,3
꿈수요,1,꿈수,FALSE,,3
꿈수만,1,꿈수,FALSE,,3
꿈수량,3,꿈수량,FALSE,,3
꿈수라,3,꿈수,FALSE,,3
꿀꺽하,1,꿀꺽,FALSE,,3
껍데기,1,껍질,FALSE,,3
깼어요,1,깨다,FALSE,,3
깨워먹,2,깨우다,FALSE,,3
깨는아,1,깨다,FALSE,,3
깨는데,1,깨다,FALSE,,3
길지만,1,길다,FALSE,,3
길이요,1,완모의길,FALSE,,3
길어요,1,길다,FALSE,,3
긴데요,1,아기,FALSE,,3
기한이,1,기한,FALSE,,3
기침약,1,약,FALSE,,3
기준이,1,기준,FALSE,,3
기정떡,1,음식,FALSE,,3
기성전,1,기상,FALSE,,3
기본적,1,기본,FALSE,,3
기능하,1,가능,FALSE,,3
기능성,1,미용,FALSE,,3
기간하,1,기간,FALSE,,3
급해요,1,급하다,FALSE,,3
급질문,1,질문,FALSE,,3
금요일,1,요일,FALSE,,3
글하트,1,브랜드명,FALSE,,3
글제송,1,긴글죄송,FALSE,,3
글인데,1,글,FALSE,,3
극심한,2,극심하다,FALSE,,3
그저께,1,시간,FALSE,,3
그린맘,7,브랜드명,FALSE,,3
그동안,3,기간,FALSE,,3
그다음,4,시간,FALSE,,3
권장요,1,권장,FALSE,,3
궁이요,1,분유명,FALSE,,3
궁금한,57,궁금,FALSE,,3
궁금요,1,궁금,FALSE,,3
굶겼다,1,굶기다,FALSE,,3
굶겨야,2,굶기다,FALSE,,3
굶겨보,1,굶기다,FALSE,,3
군것질,3,음식,FALSE,,3
구해요,17,구입,FALSE,,3
구충제,1,약,FALSE,,3
구충약,1,약,FALSE,,3
구입해,1,구입,FALSE,,3
구역질,2,헛구역질,FALSE,,3
구성비,1,가성비,FALSE,,3
구버전,1,분유명,FALSE,,3
구매들,1,구매,FALSE,,3
교체해,2,분유교체,FALSE,,3
교체요,3,분유교체,FALSE,,3
교정해,1,교정,FALSE,,3
광진구,2,지역,FALSE,,3
관악구,1,지역,FALSE,,3
관계요,1,관계,TRUE,,3
과탄산,1,음식,FALSE,,3
공진단,1,음식,FALSE,,3
공유해,4,공유,FALSE,,3
공유요,4,공유,FALSE,,3
공유여,1,공유,FALSE,,3
골든타,1,골든타임,FALSE,,3
고추장,1,음식,FALSE,,3
고추씨,1,음식,FALSE,,3
고집해,1,고집,FALSE,,3
고수님,16,고수,FALSE,,3
고생요,1,고생,FALSE,,3
고민이,1,고민,FALSE,,3
고민요,1,단유시기 고민,FALSE,,3
고민여,1,분유고민,FALSE,,3
고민되,3,고민,FALSE,,3
계획하,3,모유수유기간,FALSE,,3
계속해,12,계속,FALSE,,3
계산법,1,조유방법,FALSE,,3
경험담,5,경험,FALSE,,3
경우요,5,경우,FALSE,,3
경옥고,1,음식,FALSE,,3
결정해,1,결정,FALSE,,3
견과류,1,음식,FALSE,,3
겨드랑,14,겨드랑이,FALSE,,3
게워요,18,게워내다,FALSE,,3
게워냄,106,게워내다,FALSE,,3
게워낼,7,게워내다,FALSE,,3
게워낸,3,게워내다,FALSE,,3
게워내,92,게워내다,FALSE,,3
게시글,2,게시글,FALSE,,3
게먹기,2,먹다,FALSE,,3
검출요,1,검출,FALSE,,3
검정쌀,1,음식,FALSE,,3
검은콩,3,음식,FALSE,,3
검은색,1,색깔,FALSE,,3
검은깨,1,음식,FALSE,,3
검사해,1,검사,FALSE,,3
걸쭉하,3,걸쭉하다,FALSE,,3
걸려요,1,걸리다,FALSE,,3
걸려서,1,앓다,FALSE,,3
건지요,4,질문,FALSE,,3
건조해,1,건조증,FALSE,,3
건조함,1,건조증,FALSE,,3
건더기,3,이물질,FALSE,,3
건강제,1,음식,FALSE,,3
건가요,41,질문,FALSE,,3
거품이,1,거품,FALSE,,3
거지요,3,질문,FALSE,,3
거예요,44,질문,FALSE,,3
거부해,1,거부,FALSE,,3
거부한,3,분유거부,FALSE,,3
거부요,24,거부,FALSE,,3
거부여,1,거부,FALSE,,3
갤짼데,1,개월,FALSE,,3
갠츈하,1,괜찮다,FALSE,,3
개월아,5,개월,FALSE,,3
개월별,2,개월,FALSE,,3
개월들,1,개월,FALSE,,3
개월간,1,개월,FALSE,,3
개수요,1,개수,FALSE,,3
개_아,1,개월,FALSE,,3
강북구,1,지역,FALSE,,3
강냉이,1,음식,FALSE,,3
갓지난,4,시간,FALSE,,3
감자탕,3,음식,FALSE,,3
감기요,1,감기,FALSE,,3
감기약,39,약,FALSE,,3
갈색병,1,대변,FALSE,,3
갈라짐,2,유두균열,FALSE,,3
간질거,1,가려움증,FALSE,,3
간자요,1,낮잠시간,FALSE,,3
가제수,1,가제수건,FALSE,,3
가운데,2,방향,FALSE,,3
가슴팍,1,가슴,FALSE,,3
가슴씩,1,가슴,FALSE,,3
가슴속,1,가슴,FALSE,,3
가슴살,1,음식,FALSE,,3
가슴골,1,가슴,FALSE,,3
가스차,4,가스차다,FALSE,,3
가르져,1,조언,FALSE,,3
가루째,1,분유,FALSE,,3
가렵고,2,가려움증,FALSE,,3
가려구,1,가다,FALSE,,3
가래떡,1,음식,FALSE,,3
후부터,,,TRUE,,3
했는데,,,TRUE,,3
해서요,,,TRUE,,3
합니다,,,TRUE,,3
할게요,,,TRUE,,3
한잔해,,,TRUE,,3
한데요,,,TRUE,,3
하이트,,,TRUE,,3
하세요,,,TRUE,,3
하면요,,,TRUE,,3
하고픈,,,TRUE,,3
탔어요,,,TRUE,,3
쫍쫍하,,,TRUE,,3
지나치,,,TRUE,,3
중이요,,,TRUE,,3
중이긴,,,TRUE,,3
중에요,,,TRUE,,3
주면요,,,TRUE,,3
졌네요,,,TRUE,,3
제가요,,,TRUE,,3
전에요,,,TRUE,,3
저러지,,,TRUE,,3
자연관,,,TRUE,,3
자는아,,,TRUE,,3
있어요,,,TRUE,,3
인데요,,,TRUE,,3
이에요,,,TRUE,,3
이렇게,,,TRUE,,3
이런지,,,TRUE,,3
이런데,,,TRUE,,3
이러지,,,TRUE,,3
이러시,,,TRUE,,3
이래요,,,TRUE,,3
으아악,,,TRUE,,3
유에스,,,TRUE,,3
왓믄데,,,TRUE,,3
오늘급,,,TRUE,,3
영사님,,,TRUE,,3
없음요,,,TRUE,,3
야나요,,,TRUE,,3
알랴주,,,TRUE,,3
아드만,,,TRUE,,3
시다들,,,TRUE,,3
선배님,,,TRUE,,3
사놔야,,,TRUE,,3
뿌지직,,,TRUE,,3
뿌애앵,,,TRUE,,3
불어도,,,TRUE,,3
분이요,,,TRUE,,3
분으로,,,TRUE,,3
분들요,,,TRUE,,3
보이시,,,TRUE,,3
보여요,,,TRUE,,3
보세요,,,TRUE,,3
백화점,,,TRUE,,3
미리씩,,,TRUE,,3
문이요,,,TRUE,,3
모두들,,,TRUE,,3
메이트,,,TRUE,,3
말이요,,,TRUE,,3
려는데,,,TRUE,,3
똬리요,,,TRUE,,3
때아니,,,TRUE,,3
때까진,,,TRUE,,3
들어오,,,TRUE,,3
드셨던,,,TRUE,,3
되면요,,,TRUE,,3
되는덴,,,TRUE,,3
내여안,,,TRUE,,3
내놨다,,,TRUE,,3
나신뷴,,,TRUE,,3
꾹입니,,,TRUE,,3
김영란,,,TRUE,,3
그래요,,,TRUE,,3
그대로,,,TRUE,,3
구런지,,,TRUE,,3
관련해,,,TRUE,,3
관련하,,,TRUE,,3
관련요,,,TRUE,,3
관계요,,,TRUE,,3
곳이요,,,TRUE,,3
것이요,,,TRUE,,3
것보단,,,TRUE,,3
것들요,,,TRUE,,3
걸까요,,,TRUE,,3
건데요,,,TRUE,,3
거가요,,,TRUE,,3
같은데,,,TRUE,,3
같아요,,,TRUE,,3
가보신,,,TRUE,,3
물리시,,물리다,FALSE,,3
단계요,,단계,FALSE,,3
이런가,,,TRUE,,3
부탁해,,부탁,FALSE,,3
vs,1,분유선택,FALSE,,2
힙먹,1,분유명,FALSE,,2
흰색,5,색깔,FALSE,,2
흡합,1,혼합수유,FALSE,,2
훠궈,1,음식,FALSE,,2
후토,1,구토,FALSE,,2
후두,2,후두연화증,FALSE,,2
횟수,132,빈도,FALSE,,2
회향,1,음식,FALSE,,2
회수,1,수유횟수,FALSE,,2
회랑,1,음식,FALSE,,2
황기,1,음식,FALSE,,2
황금,19,색깔,FALSE,,2
화주,1,모유량감소,FALSE,,2
화가,2,화나다,FALSE,,2
홍차,1,음식,FALSE,,2
홍양,1,생리,FALSE,,2
홍삼,8,음식,FALSE,,2
홀레,60,분유명,FALSE,,2
혼합,631,혼합수유,FALSE,,2
혼유,6,혼합수유,FALSE,,2
혼수,5,혼합수유,FALSE,,2
혼동,9,유두혼동,FALSE,,2
호합,1,혼합수유,FALSE,,2
호출,1,수유콜,FALSE,,2
호박,16,음식,FALSE,,2
형아,1,큰아이,FALSE,,2
혈흔,1,혈액,FALSE,,2
현재,9,시간,FALSE,,2
현자,1,현타,FALSE,,2
현안,1,조언,FALSE,,2
현미,1,음식,FALSE,,2
혀차,2,혀를차다,FALSE,,2
헬스,1,운동,FALSE,,2
헤켄,21,브랜드명,FALSE,,2
헤겐,1,브랜드명,FALSE,,2
향어,1,음식,FALSE,,2
행거,1,씻다,FALSE,,2
햇반,1,음식,FALSE,,2
해당,6,해당되다,FALSE,,2
항생,1,약,FALSE,,2
합치,1,합치다,FALSE,,2
합분,1,브랜드명,FALSE,,2
함스,1,미용,FALSE,,2
함몰,14,함몰유두,FALSE,,2
할하,1,하다,FALSE,,2
할지,1,하다,FALSE,,2
할걸,1,하다,FALSE,,2
한컴,8,모유수유텀,FALSE,,2
한쪽,44,위치,FALSE,,2
한잠,1,잠,FALSE,,2
한약,19,약,FALSE,,2
한시,2,시간,FALSE,,2
한번,117,빈도,FALSE,,2
한뱐,1,빈도,FALSE,,2
하트,2,브랜드명,FALSE,,2
하카,3,브랜드명,FALSE,,2
하루,533,시간,FALSE,,2
하까,1,질문,FALSE,,2
하겐,1,브랜드명,FALSE,,2
핑핑,1,어지럽다,FALSE,,2
피자,5,음식,FALSE,,2
피섞,1,혈액,FALSE,,2
플랜,1,수유플랜,FALSE,,2
프룬,1,음식,FALSE,,2
프로,45,분유명,FALSE,,2
프레,145,분유명,FALSE,,2
프라,1,미용,FALSE,,2
퓨어,29,분유명,FALSE,,2
퓨리,2,정수기,FALSE,,2
퓌레,1,음식,FALSE,,2
풋볼,8,수유자세,FALSE,,2
푸트,1,분유명,FALSE,,2
푸룬,7,음식,FALSE,,2
표요,1,식단표,FALSE,,2
폭주,1,젖양과다,FALSE,,2
포트,79,분유포트,FALSE,,2
포탈,1,약,FALSE,,2
포타,1,분유포트기,FALSE,,2
포기,49,모유수유포기,FALSE,,2
평편,5,함몰유두,FALSE,,2
펩티,1,분유명,FALSE,,2
펜잘,1,약,FALSE,,2
펜션,1,장소,FALSE,,2
퍼먹,1,먹다,FALSE,,2
팩하,3,팩,FALSE,,2
패치,1,열패치,FALSE,,2
팥죽,1,음식,FALSE,,2
팥물,1,음식,FALSE,,2
판콜,1,약,FALSE,,2
파스,15,약,FALSE,,2
파마,10,미용,FALSE,,2
틴토,1,연고,FALSE,,2
티핑,1,브랜드명,FALSE,,2
티젠,1,브랜드명,FALSE,,2
티슈,2,수유티슈,FALSE,,2
티브,2,분유명,FALSE,,2
티백,5,단유음식,FALSE,,2
트리,22,분유명,FALSE,,2
트럼,1,트림,FALSE,,2
투정,1,잠투정,FALSE,,2
투루,1,분유명,FALSE,,2
퇴화,1,육퇴,FALSE,,2
퇴소,110,조리원퇴소,FALSE,,2
통점,3,통잠,FALSE,,2
통장,1,통잠,FALSE,,2
통일,1,통일,FALSE,,2
통분,1,분유,FALSE,,2
통구,1,구매,FALSE,,2
통곡,22,아이통곡마사지,FALSE,,2
토토,2,역류방지쿠션,FALSE,,2
토미,1,브랜드명,FALSE,,2
토막,2,감소,FALSE,,2
토닝,2,미용,FALSE,,2
템들,1,물건,FALSE,,2
텀좀,11,수유텀,FALSE,,2
텀점,1,수유텀,FALSE,,2
텀요,9,텀,FALSE,,2
텀당,1,수유텀,FALSE,,2
태민,1,유산균,FALSE,,2
탈_,1,조유,FALSE,,2
탄산,5,음식,FALSE,,2
타임,2,수유시간,FALSE,,2
타일,1,분유명,FALSE,,2
타우,1,분유성분,FALSE,,2
타령,1,모유타령,FALSE,,2
타도,13,조유,FALSE,,2
킬로,100,체중,FALSE,,2
킨더,4,킨더밀쉬,FALSE,,2
클래,1,젖병명,FALSE,,2
큰아,1,아기,FALSE,,2
크림,42,약,FALSE,,2
쿠첸,4,브랜드명,FALSE,,2
쿠션,16,수유쿠션,FALSE,,2
콩알,1,멍울,FALSE,,2
콩물,1,음식,FALSE,,2
콤비,3,분유명,FALSE,,2
콜라,2,음식,FALSE,,2
코토,1,구토,FALSE,,2
코웨,1,브랜드명,FALSE,,2
코변,2,대변양상,FALSE,,2
코드,2,분유제조기,FALSE,,2
케_,1,음식,FALSE,,2
컴스,1,약,FALSE,,2
컬럭,1,사레,FALSE,,2
컬러,1,미용,FALSE,,2
커피,102,음식,FALSE,,2
캡슐,2,영양제,FALSE,,2
캠프,1,브랜드명,FALSE,,2
캔씩,1,분유통,FALSE,,2
캐럿,1,음식,FALSE,,2
칼슘,7,영양제,FALSE,,2
카스,1,음식,FALSE,,2
카브,1,브랜드명,FALSE,,2
카보,29,연고,FALSE,,2
카레,2,음식,FALSE,,2
친정,3,지인,FALSE,,2
치킨,6,음식,FALSE,,2
치코,1,브랜드명,FALSE,,2
치즈,3,음식,FALSE,,2
치밀,1,치밀유방,FALSE,,2
측기,1,유축기,FALSE,,2
출산,658,분만,FALSE,,2
축전,2,유축,FALSE,,2
축시,1,유축,FALSE,,2
축기,1,유축기,FALSE,,2
추정,1,음식,FALSE,,2
추적,1,연고추천,FALSE,,2
추석,6,명절,FALSE,,2
총부,2,총분유량,FALSE,,2
총량,,총수유량,FALSE,,2
초코,2,음식,FALSE,,2
초짜,2,초보,FALSE,,2
초밥,14,음식,FALSE,,2
초록,1,색깔,FALSE,,2
청구,1,실비청구,FALSE,,2
첫애,4,아기,FALSE,,2
처지,1,처지다,FALSE,,2
챔프,2,약,FALSE,,2
참치,4,음식,FALSE,,2
참외,1,음식,FALSE,,2
찰흙,6,대변양상,FALSE,,2
찬양,1,분유찬양,FALSE,,2
찬밥,1,음식,FALSE,,2
차요,1,차오르다,FALSE,,2
차오,2,차오르다,FALSE,,2
차서,1,차오르다,FALSE,,2
차물,1,음식,FALSE,,2
차면,1,차오르다,FALSE,,2
찐하,1,진하다,FALSE,,2
찌우,2,찌다,FALSE,,2
찌꺼,1,찌꺼기,FALSE,,2
쪼금,2,조금,FALSE,,2
짬뽕,3,음식,FALSE,,2
짧다,1,짧다,FALSE,,2
짧고,1,짧다,FALSE,,2
짝짹,1,다르다,FALSE,,2
짝짝,19,비대칭,FALSE,,2
짝짜,1,다르다,FALSE,,2
짜부,1,쪼그라들다,FALSE,,2
짜두,1,유축,FALSE,,2
징하,1,징하다,FALSE,,2
질원,1,질문,FALSE,,2
진창,2,엉망진창,FALSE,,2
진액,1,음식,FALSE,,2
진득,2,진득하다,FALSE,,2
직유,1,모유수유,FALSE,,2
지리,3,지리다,FALSE,,2
지금,27,시간,FALSE,,2
증오,1,우울증,FALSE,,2
쥬쥬,1,공갈젖꼭지,FALSE,,2
줬다,1,주다,FALSE,,2
중탕,78,모유중탕,FALSE,,2
중점,1,미용,FALSE,,2
줄대,1,감소,FALSE,,2
줄다,8,감소,FALSE,,2
죽엽,1,음식,FALSE,,2
주행,1,수유,FALSE,,2
주일,16,기간,FALSE,,2
주유,1,조유,FALSE,,2
주실,1,주다,FALSE,,2
주시,7,주다,FALSE,,2
주스,6,음식,FALSE,,2
주수,1,음식,FALSE,,2
주서,1,주다,FALSE,,2
주사,24,약,FALSE,,2
주말,2,시간,FALSE,,2
주름,1,미용,FALSE,,2
주나,1,주다,FALSE,,2
좋쵸,1,질문,FALSE,,2
족탕,1,음식,FALSE,,2
족발,7,음식,FALSE,,2
조직,2,조직검사,FALSE,,2
조제,6,분유,FALSE,,2
조엄,1,조언,FALSE,,2
조사,3,제조사,FALSE,,2
조리,2,산후조리,FALSE,,2
조각,2,음식,FALSE,,2
젤패,1,미용,FALSE,,2
제주,3,지역,FALSE,,2
제조,6,분유,FALSE,,2
제왕,199,제왕절개,FALSE,,2
제약,1,약,FALSE,,2
제물,1,분유물,FALSE,,2
제로,1,분유명,FALSE,,2
젖이,1,모유,FALSE,,2
젖양,587,모유량,FALSE,,2
젖량,1,모유량,FALSE,,2
젖뗄,1,젖떼기,FALSE,,2
정찰,1,젖이찬다,FALSE,,2
정옥,1,음식,FALSE,,2
정수,38,정수기,FALSE,,2
점심,1,시간,FALSE,,2
점보,1,사이즈,FALSE,,2
점박,1,점박이,FALSE,,2
전속,1,젖속,FALSE,,2
전분,36,분유명,FALSE,,2
전복,1,음식,FALSE,,2
전문,1,전문가,FALSE,,2
전량,155,모유량,FALSE,,2
전날,1,시간,FALSE,,2
적은,1,적다,FALSE,,2
적어,1,적다,FALSE,,2
적령,1,모유량,FALSE,,2
적량,1,적정량,FALSE,,2
적당,47,적당하다,FALSE,,2
적게,2,적다,FALSE,,2
저릿,2,저리다,FALSE,,2
저녁,32,시간,FALSE,,2
쟁여,1,분유보관,FALSE,,2
재시,1,재시도,FALSE,,2
재사,1,재사용,FALSE,,2
재보,1,재보온,FALSE,,2
잦병,1,젖병,FALSE,,2
장중,1,잠,FALSE,,2
장애,1,결정장애,FALSE,,2
장수,1,직수,FALSE,,2
장소,5,수유장소,FALSE,,2
장만,1,구입,FALSE,,2
잡기,1,잡다,FALSE,,2
잠실,1,지역,FALSE,,2
잠듦,3,잔다,FALSE,,2
잔류,1,약,FALSE,,2
작성,1,기록,FALSE,,2
작고,1,작다,FALSE,,2
자요,5,자다,FALSE,,2
자영,1,자연,FALSE,,2
자세,116,수유자세,FALSE,,2
자분,21,자연분만,FALSE,,2
자부,1,찌그러지다,FALSE,,2
자민,1,잔다,FALSE,,2
자문,1,자연분만,FALSE,,2
자랑,1,잔다,FALSE,,2
자라,1,부족,FALSE,,2
자두,1,잔다,FALSE,,2
자네,1,잔다,FALSE,,2
자구,1,잔다,FALSE,,2
자고,5,잠,FALSE,,2
입성,1,진입,FALSE,,2
입구,1,젖병입구,FALSE,,2
임페,5,분유명,FALSE,,2
일회,1,빈도,FALSE,,2
일차,843,개월,FALSE,,2
일주,4,기간,FALSE,,2
일요,1,요일,FALSE,,2
일어,5,일어나다,FALSE,,2
일생,4,개월,FALSE,,2
일산,1,지역,FALSE,,2
일본,3,지역,FALSE,,2
일동,3,브랜드명,FALSE,,2
일경,15,개월,FALSE,,2
일간,2,기간,FALSE,,2
일가,1,아기,FALSE,,2
인파,24,분유명,FALSE,,2
인큐,,인큐베이션,FALSE,,2
인천,2,지역,FALSE,,2
인생,2,개월,FALSE,,2
인삼,1,음식,FALSE,,2
인류,2,인큐베이션,FALSE,,2
이틀,27,기간,FALSE,,2
이앓,6,이앓이,FALSE,,2
이삼,1,기간,FALSE,,2
이빨,17,치아,FALSE,,2
이모,1,지인,FALSE,,2
이날,1,시간,FALSE,,2
의식,3,수면의식,FALSE,,2
응아,1,대변,FALSE,,2
응가,28,대변,FALSE,,2
음주,8,음식,FALSE,,2
음병,1,모유모음병,FALSE,,2
음료,2,음식,FALSE,,2
육회,1,음식,FALSE,,2
육량,3,분유량,FALSE,,2
유후,1,후유,FALSE,,2
유포,1,포함,FALSE,,2
유통,1,유통기간,FALSE,,2
유캔,1,분유통,FALSE,,2
유출,1,유축,FALSE,,2
유추,1,유축,FALSE,,2
유용,4,유용하다,FALSE,,2
유연,1,우연,FALSE,,2
유업,1,브랜드명,FALSE,,2
유식,2,이유식,FALSE,,2
유비,1,브랜드명,FALSE,,2
유방,42,가슴,FALSE,,2
유미,2,브랜드명,FALSE,,2
유무,1,분유명,FALSE,,2
유망,6,브랜드명,FALSE,,2
유릉,1,유축유,FALSE,,2
유령,2,새벽수유,FALSE,,2
유량,99,분유량,FALSE,,2
유동,1,유두,FALSE,,2
유도,18,유두,FALSE,,2
유구,3,유구염,FALSE,,2
윅스,15,원더윅스기간,FALSE,,2
위쪽,5,위치,FALSE,,2
위드,9,분유명,FALSE,,2
웩웩,1,사레,FALSE,,2
월요,1,개월,FALSE,,2
월생,1,개월,FALSE,,2
월경,1,생리,FALSE,,2
원액,1,음식,FALSE,,2
원더,15,원더윅스기간,FALSE,,2
워터,4,브랜드명,FALSE,,2
워드,1,분유명,FALSE,,2
웃고,1,웃다,FALSE,,2
울진,1,운다,FALSE,,2
울안,1,거부,FALSE,,2
울기,1,운다,FALSE,,2
우측,4,방향,FALSE,,2
우슬,1,음식,FALSE,,2
우량,3,우량아,FALSE,,2
용쓸,1,용쓰기,FALSE,,2
용쓰,43,용쓰기,FALSE,,2
요즘,1,시간,FALSE,,2
요량,4,분유량,FALSE,,2
왼쪽,34,위치,FALSE,,2
왼고,1,완모,FALSE,,2
외국,21,수입산,FALSE,,2
왕하,2,제왕절개,FALSE,,2
왕분,154,완분,FALSE,,2
왕모,5,완모,FALSE,,2
왈각,1,구토,FALSE,,2
완본,2,완분,FALSE,,2
완보,7,완모,FALSE,,2
완도,1,완모,FALSE,,2
완고,17,완모,FALSE,,2
왁싱,1,미용,FALSE,,2
와인,4,음식,FALSE,,2
옹알,1,옹알이,FALSE,,2
옷이,1,수유복,FALSE,,2
옵티,1,분유명,FALSE,,2
올해,1,시간,FALSE,,2
온니,1,오직,FALSE,,2
오후,7,시간,FALSE,,2
오픈,6,분유개봉,FALSE,,2
오틱,3,분유명,FALSE,,2
오줌,3,소변,FALSE,,2
오전,11,시간,FALSE,,2
오소,1,영양제,FALSE,,2
오브,20,분유명,FALSE,,2
오분,3,시간,FALSE,,2
오버,1,크다,FALSE,,2
오미,1,음식,FALSE,,2
오름,1,부풀다,FALSE,,2
오늘,127,시간,FALSE,,2
오개,1,개월,FALSE,,2
옛날,1,시간,FALSE,,2
옆쪽,1,방향,FALSE,,2
영유,1,영유아,FALSE,,2
영어,1,영아산통,FALSE,,2
영상,3,동영상,FALSE,,2
엽산,1,엽산제,FALSE,,2
엽문,1,질문,FALSE,,2
엽떡,4,음식,FALSE,,2
염소,1,음식,FALSE,,2
염색,21,미용,FALSE,,2
열흘,5,기간,FALSE,,2
열패,1,열패치,FALSE,,2
열두,1,고열,FALSE,,2
연하,3,연하다,FALSE,,2
연장,3,미용,FALSE,,2
연어,1,음식,FALSE,,2
연거,3,연고,FALSE,,2
여수,1,지역,FALSE,,2
엡손,2,분유명,FALSE,,2
엠쓰,1,젖꼭지사이즈,FALSE,,2
엠마,11,분유명,FALSE,,2
엘린,1,연고,FALSE,,2
엑스,1,엑스레이,FALSE,,2
에프,1,약,FALSE,,2
에스,5,연고,FALSE,,2
에드,1,약,FALSE,,2
없대,1,없다,FALSE,,2
업할,7,업,FALSE,,2
업하,2,업,FALSE,,2
업글,1,업데이트,FALSE,,2
얼얼,1,통증,FALSE,,2
얼스,1,유두보호크림,FALSE,,2
언제,5,시간,FALSE,,2
언스,1,브랜드명,FALSE,,2
어째,4,질문,FALSE,,2
어젠,1,시간,FALSE,,2
어제,60,시간,FALSE,,2
어묵,1,음식,FALSE,,2
어떻,2,질문,FALSE,,2
어떨,5,질문,FALSE,,2
어떠,10,질문,FALSE,,2
어땋,1,질문,FALSE,,2
어딜,5,질문,FALSE,,2
어가,2,아기,FALSE,,2
얘기,4,이야기,FALSE,,2
양파,1,음식,FALSE,,2
양측,1,방향,FALSE,,2
양이,2,양,FALSE,,2
양산,1,브랜드명,FALSE,,2
약ㆍ,1,약,FALSE,,2
약재,1,약,FALSE,,2
약물,1,약,FALSE,,2
야식,2,음식,FALSE,,2
야간,1,밤중,FALSE,,2
앱솔,24,분유명,FALSE,,2
액티,1,약,FALSE,,2
액성,3,분유명,FALSE,,2
애매,8,애매하다,FALSE,,2
앙포,1,브랜드명,FALSE,,2
압마,10,분유명,FALSE,,2
압력,2,유축,FALSE,,2
압다,2,분유명,FALSE,,2
암웨,4,브랜드명,FALSE,,2
암거,1,아무거나,FALSE,,2
앓이,4,배앓이,FALSE,,2
알펜,3,사이트명,FALSE,,2
알반,1,일반,FALSE,,2
알레,1,알레르기,FALSE,,2
안타,2,분유명,FALSE,,2
안주,1,안준다,FALSE,,2
안정,1,안정되다,FALSE,,2
안으,1,안다,FALSE,,2
안우,1,안운다,FALSE,,2
안약,2,약,FALSE,,2
안무,18,안물다,FALSE,,2
안도,5,모유 안돌다,FALSE,,2
안대,3,안된다,FALSE,,2
안느,13,정체,FALSE,,2
안구,1,안구건조,FALSE,,2
안개,1,안게워내다,FALSE,,2
아픔,10,통증,FALSE,,2
아침,53,시간,FALSE,,2
아이,4,브랜드명,FALSE,,2
아시,6,알다,FALSE,,2
아사,2,분유명,FALSE,,2
아빠,4,지인,FALSE,,2
아미,1,공갈젖꼭지,FALSE,,2
아메,1,음식,FALSE,,2
아릿,1,통증,FALSE,,2
아래,9,방향,FALSE,,2
아띠,2,브랜드명,FALSE,,2
아기,1,아기,FALSE,,2
아가,,아기,FALSE,,2
씨씨,1,모유량,FALSE,,2
쓰기,1,사용,FALSE,,2
싸_,1,배변,FALSE,,2
싶네,1,소망,FALSE,,2
십일,1,기간,FALSE,,2
십분,2,시간,FALSE,,2
신생,2,신생아,FALSE,,2
신물,1,위액,FALSE,,2
신랑,2,지인,FALSE,,2
식혜,29,단유음식,FALSE,,2
식초,3,음식,FALSE,,2
식스,1,약,FALSE,,2
식빵,1,음식,FALSE,,2
시혜,1,단유음식,FALSE,,2
시트,4,수유시트,FALSE,,2
시시,1,시간,FALSE,,2
시술,4,설소대수술,FALSE,,2
시모,1,지인,FALSE,,2
시럽,3,음식,FALSE,,2
시너,1,브랜드명,FALSE,,2
시경,1,시간,FALSE,,2
슴벅,2,브랜드명,FALSE,,2
슬립,2,잠,FALSE,,2
스푼,63,분유스푼,FALSE,,2
스팀,2,스팀소독,FALSE,,2
스타,3,스타일,FALSE,,2
스시,2,음식,FALSE,,2
슈퍼,2,분유명,FALSE,,2
슈우,1,수유,FALSE,,2
슈슈,1,모유수유텀,FALSE,,2
쉬질,1,질문,FALSE,,2
술넣,1,음식,FALSE,,2
순간,1,시간,FALSE,,2
숙면,1,분유명,FALSE,,2
수후,1,막수,FALSE,,2
수축,1,유축,FALSE,,2
수중,2,모유수유,FALSE,,2
수저,3,분유스푼,FALSE,,2
수육,2,음식,FALSE,,2
수월,5,수월하다,FALSE,,2
수원,2,지역,FALSE,,2
수우,1,수유,FALSE,,2
수액,10,약,FALSE,,2
수시,12,시간,FALSE,,2
수소,1,과탄산수소,FALSE,,2
수박,4,음식,FALSE,,2
수량,5,직수량,FALSE,,2
솔루,1,분유명,FALSE,,2
손님,1,지인,FALSE,,2
소파,3,수유의자,FALSE,,2
소주,4,음식,FALSE,,2
소젖,2,우유,FALSE,,2
소스,2,음식,FALSE,,2
소대,1,설소대,FALSE,,2
소고,1,음식,FALSE,,2
센터,2,상담센터,FALSE,,2
센서,3,분유명,FALSE,,2
세심,1,냄새,FALSE,,2
세끼,3,식사,FALSE,,2
설사,,대변양상,FALSE,,2
선크,1,미용,FALSE,,2
석류,1,음료,FALSE,,2
서울,5,지역,FALSE,,2
서너,1,시간,FALSE,,2
샴푸,1,미용,FALSE,,2
생식,1,음식,FALSE,,2
생선,1,음식,FALSE,,2
생기,4,생기다,FALSE,,2
생강,1,음식,FALSE,,2
색상,2,색깔,FALSE,,2
새_,2,새벽수유,FALSE,,2
상처,64,유두상처,FALSE,,2
상암,1,지역,FALSE,,2
삼일,1,기간,FALSE,,2
살색,1,색깔,FALSE,,2
살균,1,도,FALSE,,2
산후,19,시간,FALSE,,2
산통,1,영아산통,FALSE,,2
산양,317,분유명,FALSE,,2
산물,1,구연산물,FALSE,,2
사야,2,구매,FALSE,,2
사십,1,수유량,FALSE,,2
사시,1,구입,FALSE,,2
사면,1,구입,FALSE,,2
사리,1,사레,FALSE,,2
사례,1,사레,FALSE,,2
사래,4,사레,FALSE,,2
사골,1,음식,FALSE,,2
쁘띠,2,브랜드명,FALSE,,2
뿌연,3,뿌옇다,FALSE,,2
뿌리,1,음식,FALSE,,2
뾰루,2,뾰루지,FALSE,,2
뽈록,2,볼록,FALSE,,2
뼈찜,1,음식,FALSE,,2
뻗대,3,버티다,FALSE,,2
뺐다,1,빼다,FALSE,,2
빼요,1,빼다,FALSE,,2
빵과,1,음식,FALSE,,2
빨긴,2,빨다,FALSE,,2
빛깔,1,모유색깔,FALSE,,2
빕스,2,브랜드명,FALSE,,2
비판,1,연고,FALSE,,2
비애,1,사이트명,FALSE,,2
비슷,43,비슷하다,FALSE,,2
비빔,1,음식,FALSE,,2
비법,11,방법,FALSE,,2
브라,4,수유브라,FALSE,,2
뷴유,1,분유,FALSE,,2
불가,1,불가능,FALSE,,2
분정,1,시간,FALSE,,2
분위,1,분유,FALSE,,2
분운,1,분유명,FALSE,,2
분우,2,분유,FALSE,,2
분여,2,완분아기,FALSE,,2
분식,1,음식,FALSE,,2
분수,147,분수토,FALSE,,2
분말,5,가루,FALSE,,2
분만,2,출산,FALSE,,2
분류,4,분유,FALSE,,2
분량,2,분유량,FALSE,,2
분당,1,지역,FALSE,,2
분간,1,시간,FALSE,,2
부천,1,지역,FALSE,,2
부음,2,부종,FALSE,,2
부유,3,분유,FALSE,,2
부수,1,부수다,FALSE,,2
부산,3,지역,FALSE,,2
부덕,1,부탁,FALSE,,2
본유,1,분유,FALSE,,2
복장,1,수유복,FALSE,,2
복역,1,복용,FALSE,,2
복귀,1,복직,FALSE,,2
보호,150,유두보호기,FALSE,,2
보율,1,모유수유,FALSE,,2
보유,3,모유,FALSE,,2
보름,5,기간,FALSE,,2
보디,1,바디제품,FALSE,,2
별채,1,젖병,FALSE,,2
변질,1,대변,FALSE,,2
변지,1,대변양상,FALSE,,2
변색,2,대변색깔,FALSE,,2
벤큐,1,약,FALSE,,2
베페,1,베이비페어,FALSE,,2
베비,2,브랜드명,FALSE,,2
베바,5,분유명,FALSE,,2
베드,1,브랜드명,FALSE,,2
베넷,4,브랜드명,FALSE,,2
법조,1,조유방법,FALSE,,2
법문,1,모유해동방법,FALSE,,2
범퍼,1,낮밤바뀜,FALSE,,2
범위,1,분유단계범위,FALSE,,2
벌꿀,2,음식,FALSE,,2
벅스,1,장소,FALSE,,2
버터,1,버티다,FALSE,,2
버거,1,음식,FALSE,,2
뱃소,1,뱃소리,FALSE,,2
뱃골,,뱃구레,FALSE,,2
백반,73,유두백반,FALSE,,2
배트,3,뱃구레,FALSE,,2
배즙,2,음식,FALSE,,2
배앓,123,영아산통,FALSE,,2
배넷,7,브랜드명,FALSE,,2
배냇,27,브랜드명,FALSE,,2
밤에,2,밤,FALSE,,2
밤소,2,밤수,FALSE,,2
밤낮,4,시간,FALSE,,2
받으,1,받다,FALSE,,2
반팔,1,아기옷,FALSE,,2
반찬,2,음식,FALSE,,2
반쯤,1,시간,FALSE,,2
반절,1,시간,FALSE,,2
반영,2,미용,FALSE,,2
반년,1,기간,FALSE,,2
반구,2,방귀,FALSE,,2
박스,1,브랜드명,FALSE,,2
박수,69,밤수,FALSE,,2
바텀,2,밤수텀,FALSE,,2
바질,1,음식,FALSE,,2
바수,1,밤수,FALSE,,2
바본,1,바보,FALSE,,2
밀크,7,영양제,FALSE,,2
밀정,1,약,FALSE,,2
밀면,1,음식,FALSE,,2
민트,1,음식,FALSE,,2
민중,1,고민,FALSE,,2
민정,1,약,FALSE,,2
민요,1,질문,FALSE,,2
민씨,1,음식,FALSE,,2
민소,1,수유복,FALSE,,2
미음,1,음식,FALSE,,2
미스,1,판단미스,FALSE,,2
미세,1,분유이물질,FALSE,,2
미백,1,미용,FALSE,,2
미미,13,브랜드명,FALSE,,2
미리,1,용량,FALSE,,2
미래,1,시간,FALSE,,2
뭘로,4,질문,FALSE,,2
뭘까,1,질문,FALSE,,2
뭔지,7,질문,FALSE,,2
뭔죠,1,질문,FALSE,,2
뭔가,7,질문,FALSE,,2
뭉치,26,뭉치다,FALSE,,2
물회,1,음식,FALSE,,2
물주,1,물주기,FALSE,,2
물젖,6,전유,FALSE,,2
물잡,2,젖물잠,FALSE,,2
물응,1,대변양상,FALSE,,2
물욕,1,분유물,FALSE,,2
물써,1,분유물,FALSE,,2
물며,1,분유물양,FALSE,,2
물리,3,물리다,FALSE,,2
물량,2,분유물량,FALSE,,2
물똥,9,대변양상,FALSE,,2
물긴,2,물다,FALSE,,2
물고,3,물다,FALSE,,2
문항,1,분유명,FALSE,,2
문의,104,질문,FALSE,,2
문신,7,미용,FALSE,,2
문센,1,문화센터,FALSE,,2
무얼,1,질문,FALSE,,2
무사,1,무사하다,FALSE,,2
무렵,1,시간,FALSE,,2
몽우,6,멍울,FALSE,,2
몽쉘,1,음식,FALSE,,2
못자,2,못잔다,FALSE,,2
몸부,1,몸부림,FALSE,,2
목음,1,먹다,FALSE,,2
목동,1,지역,FALSE,,2
모카,1,음식,FALSE,,2
모지,1,부족,FALSE,,2
모변,2,코변,FALSE,,2
모발,1,미용,FALSE,,2
모닝,1,경산모,FALSE,,2
몇시,34,시간,FALSE,,2
명작,206,분유명,FALSE,,2
며칠,81,기간,FALSE,,2
멘틀,1,멘붕,FALSE,,2
멘붕,6,난리,FALSE,,2
메타,1,음식,FALSE,,2
메르,1,브랜드명,FALSE,,2
먼스,2,브랜드명,FALSE,,2
먹질,7,먹다,FALSE,,2
먹진,1,먹다,FALSE,,2
먹자,2,먹다,FALSE,,2
먹이,36,먹이다,FALSE,,2
먹음,1,먹다,FALSE,,2
먹어,1,먹다,FALSE,,2
먹야,1,먹이다,FALSE,,2
먹소,1,섭취,FALSE,,2
먹긴,2,먹다,FALSE,,2
먹기,4,먹다,FALSE,,2
머그,1,먹다,FALSE,,2
맨날,6,기간,FALSE,,2
맥주,63,음식,FALSE,,2
맥스,3,연거,FALSE,,2
매콤,1,음식,FALSE,,2
매직,3,미용,FALSE,,2
매주,1,시간,FALSE,,2
매일,1,시간,FALSE,,2
맞긴,1,맞다,FALSE,,2
맘스,4,분유명,FALSE,,2
맘라,23,모유촉진차브랜드명,FALSE,,2
맘들,,엄마,FALSE,,2
맘님,,엄마,FALSE,,2
말씀,2,조언,FALSE,,2
많게,1,많다,FALSE,,2
막창,2,음식,FALSE,,2
막스,2,막수,FALSE,,2
막막,2,막막하다,FALSE,,2
마흔,1,연령,FALSE,,2
마크,1,약,FALSE,,2
마켓,1,장소,FALSE,,2
마수,2,막수,FALSE,,2
마사,491,마사지,FALSE,,2
마법,1,생리,FALSE,,2
마미,1,엄마,FALSE,,2
마마,1,엄마,FALSE,,2
마리,1,미리,FALSE,,2
마름,2,단유,FALSE,,2
마르,2,단유,FALSE,,2
마더,2,분유명,FALSE,,2
마니,1,많다,FALSE,,2
마늘,2,음식,FALSE,,2
링거,6,약,FALSE,,2
리플,1,젖병젖꼭지,FALSE,,2
리파,1,음식,FALSE,,2
리틀,2,브랜드명,FALSE,,2
리터,3,용량,FALSE,,2
리베,1,맘스리베마사지,FALSE,,2
루트,2,분유명,FALSE,,2
루테,1,영양제,FALSE,,2
로타,3,로타바이러스,FALSE,,2
로차,1,젖이돈다,FALSE,,2
로열,7,분유명,FALSE,,2
로벤,1,분유명,FALSE,,2
레벨,3,유축강도,FALSE,,2
레몬,1,음식,FALSE,,2
레모,1,비타민,FALSE,,2
레드,1,음식,FALSE,,2
러닝,1,장난감,FALSE,,2
락이,1,유산균브랜드명,FALSE,,2
라타,1,브랜드명,FALSE,,2
라스,1,약,FALSE,,2
라볶,1,음식,FALSE,,2
라미,1,약,FALSE,,2
라농,3,유두보호크림,FALSE,,2
라노,1,유두보호크림,FALSE,,2
떼쓰,1,고집,FALSE,,2
떼기,7,끊기,FALSE,,2
떠요,1,분유이물질,FALSE,,2
때쯤,3,시간,FALSE,,2
때요,5,시기,FALSE,,2
때문,22,이유,FALSE,,2
땅콩,1,음식,FALSE,,2
땅김,1,당기다,FALSE,,2
땀차,1,땀차다,FALSE,,2
등약,1,약,FALSE,,2
등대,1,등대다,FALSE,,2
들쭉,1,불규칙,FALSE,,2
들올,2,끌올,FALSE,,2
드시,1,섭취,FALSE,,2
드립,1,음식,FALSE,,2
드롭,2,분유명,FALSE,,2
둬냐,1,두다,FALSE,,2
둔거,1,두다,FALSE,,2
두유,25,아기두유,FALSE,,2
두어,1,개월,FALSE,,2
두세,4,시간,FALSE,,2
두류,1,아기두유,FALSE,,2
된똥,10,대변양상,FALSE,,2
돼지,1,음식,FALSE,,2
동해,1,모유해동,FALSE,,2
동탄,1,지역,FALSE,,2
동작,1,지역,FALSE,,2
동실,3,모자동실,FALSE,,2
동방,2,모유해동방법,FALSE,,2
돌프,1,돌,FALSE,,2
돌콩,1,돌멩이,FALSE,,2
돌쟁,21,돌쟁이,FALSE,,2
돌입,1,돌,FALSE,,2
돌막,1,돌아기,FALSE,,2
돌랴,1,사용,FALSE,,2
독일,2,수입산,FALSE,,2
도무,1,도무지,FALSE,,2
데스,1,유두보호크림,FALSE,,2
덧글,1,답변,FALSE,,2
더플,1,브랜드명,FALSE,,2
더블,9,분유명,FALSE,,2
대추,1,음식,FALSE,,2
대원,1,약,FALSE,,2
대용,1,휴대용,FALSE,,2
대부,1,지역,FALSE,,2
대단,2,대단하다,FALSE,,2
당기,1,당기다,FALSE,,2
답글,10,답변,FALSE,,2
담수,4,밤수,FALSE,,2
담날,1,시간,FALSE,,2
닭발,2,음식,FALSE,,2
달째,19,개월,FALSE,,2
달아,3,아기,FALSE,,2
달래,1,달란다,FALSE,,2
달라,5,다르다,FALSE,,2
달달,1,달다,FALSE,,2
달걀,1,음식,FALSE,,2
단유,2712,단유,FALSE,,2
단위,93,단유,FALSE,,2
단모,1,단유,FALSE,,2
단동,1,음식,FALSE,,2
단거,3,음식,FALSE,,2
닥트,3,브랜드명,FALSE,,2
닥터,5,브랜드명,FALSE,,2
다양,1,다양하다,FALSE,,2
다른,1,다르다,FALSE,,2
다논,1,타다,FALSE,,2
니크,3,신생아중환자실,FALSE,,2
니큐,,신생아중환자실,FALSE,,2
니로,1,오케타니마사지,FALSE,,2
늘질,2,늘다,FALSE,,2
늘진,1,증가,FALSE,,2
늘긴,3,증가,FALSE,,2
뉴트,46,브랜드명,FALSE,,2
뉴문,1,단유질문,FALSE,,2
눕소,8,눕수,FALSE,,2
눈곱,1,눈꼽,FALSE,,2
녹차,1,음식,FALSE,,2
녹음,3,녹다,FALSE,,2
녹색,3,색깔,FALSE,,2
녹변,,대변양상,FALSE,,2
노어,1,브랜드명,FALSE,,2
넷째,1,넷째아기,FALSE,,2
네일,2,미용,FALSE,,2
네온,2,분유명,FALSE,,2
네시,1,시간,FALSE,,2
넣긴,1,넣다,FALSE,,2
넘버,5,분유명,FALSE,,2
넓이,1,젖꼭지사이즈,FALSE,,2
냉이,1,냉,FALSE,,2
냉면,1,음식,FALSE,,2
내일,5,시간,FALSE,,2
내수,2,내수용,FALSE,,2
내년,1,시간,FALSE,,2
낮텀,1,낮수텀,FALSE,,2
낮수,4,시간,FALSE,,2
남편,19,지인,FALSE,,2
남양,35,브랜드명,FALSE,,2
날짜,5,시간,FALSE,,2
날젖,1,모유,FALSE,,2
날것,1,음식,FALSE,,2
나중,18,시간,FALSE,,2
나영,1,질문,FALSE,,2
나노,1,유도보호크림,FALSE,,2
끼니,1,식사,FALSE,,2
꿍아,1,대변,FALSE,,2
꿀팁,3,조언,FALSE,,2
꿀잠,2,통잠,FALSE,,2
꿀렁,1,꿀렁꿀렁,FALSE,,2
깜빡,5,깜박하다,FALSE,,2
까즈,1,약,FALSE,,2
김치,5,음식,FALSE,,2
기후,1,정체기,FALSE,,2
기절,5,수면,FALSE,,2
기안,1,기한,FALSE,,2
기문,1,질문,FALSE,,2
기름,1,모유기름,FALSE,,2
기로,2,유축기,FALSE,,2
기내,1,비행기,FALSE,,2
급진,3,긴급,FALSE,,2
급작,1,갑자기,FALSE,,2
급급,3,긴급,FALSE,,2
급감,2,모유량감소,FALSE,,2
금토,1,요일,FALSE,,2
금수,3,꿈수,FALSE,,2
금색,1,분유명,FALSE,,2
근지,1,간지러움,FALSE,,2
근래,1,시간,FALSE,,2
극심,1,분유거부,FALSE,,2
그제,2,시간,FALSE,,2
그전,4,시간,FALSE,,2
그린,3,브랜드명,FALSE,,2
그램,18,무게,FALSE,,2
규칙,1,규칙적,FALSE,,2
권유,2,권고,FALSE,,2
굿바,7,단유차,FALSE,,2
굶길,1,굶기다,FALSE,,2
굴밥,1,음식,FALSE,,2
국물,4,음식,FALSE,,2
구해,1,구하다,FALSE,,2
구연,1,구연산,FALSE,,2
구비,1,구입,FALSE,,2
구별,8,구별,FALSE,,2
교환,13,분유교환,FALSE,,2
교촌,2,음식,FALSE,,2
교차,5,분유교차,FALSE,,2
괜찮,1,질문,FALSE,,2
광복,1,공복,FALSE,,2
과천,1,지역,FALSE,,2
과자,6,음식,FALSE,,2
과일,12,음식,FALSE,,2
과다,4,젖양과다,FALSE,,2
공차,2,음식,FALSE,,2
공갈,31,공갈젖꼭지,FALSE,,2
곱창,1,음식,FALSE,,2
곱똥,1,대변,FALSE,,2
곰돌,7,단유방법,FALSE,,2
곰국,1,음식,FALSE,,2
골밀,3,골밀도검사,FALSE,,2
골든,1,분유명,FALSE,,2
고트,1,분유명,FALSE,,2
고추,3,음식,FALSE,,2
고정,1,고정,FALSE,,2
고인,1,고이다,FALSE,,2
고민,1,고민,FALSE,,2
고만,1,고민,FALSE,,2
고름,1,유선염,FALSE,,2
고려,1,분유고민,FALSE,,2
고래,3,뱃구레,FALSE,,2
계해,1,분유단계,FALSE,,2
계월,1,개월,FALSE,,2
계란,9,음식,FALSE,,2
경유,2,경우,FALSE,,2
경부,1,자궁경부,FALSE,,2
경기,2,지역,FALSE,,2
결손,1,심실중격결손,FALSE,,2
게장,1,음식,FALSE,,2
게워,2,게워내다,FALSE,,2
게움,4,게워내다,FALSE,,2
게운,1,게워내다,FALSE,,2
게우,33,게워내다,FALSE,,2
게시,2,게시글,FALSE,,2
건요,1,질문,FALSE,,2
거분,1,분유거부,FALSE,,2
거보,1,거부,FALSE,,2
거버,1,음식,FALSE,,2
갤아,8,개월,FALSE,,2
개원,1,개월,FALSE,,2
개운,1,게워내다,FALSE,,2
개우,1,게워내다,FALSE,,2
개안,1,괜찮다,FALSE,,2
개봉,20,분유개봉,FALSE,,2
개미,1,유축량,FALSE,,2
강요,5,모유수유 강요,FALSE,,2
강남,1,지역,FALSE,,2
갑작,9,갑자기,FALSE,,2
갑자,3,갑자기,FALSE,,2
감초,1,음식,FALSE,,2
갈켜,1,조언,FALSE,,2
갈색,3,색깔,FALSE,,2
갈리,4,분유명,FALSE,,2
간식,1,음식,FALSE,,2
각시,1,브랜드명,FALSE,,2
가평,1,지역,FALSE,,2
가출,1,사출,FALSE,,2
가자,1,갑자기,FALSE,,2
가이,3,유산균,FALSE,,2
가위,1,유두통증,FALSE,,2
가승,1,가슴,FALSE,,2
가스,21,방귀,FALSE,,2
가리,1,수유가리개,FALSE,,2
ss,,,TRUE,,2
ml,,,TRUE,,2
it,,,TRUE,,2
bk,,,TRUE,,2
ar,,,TRUE,,2
ad,,,TRUE,,2
ac,,,TRUE,,2
후크,,,TRUE,,2
후디,,,TRUE,,2
회보,,,TRUE,,2
혹시,,,TRUE,,2
호주,,,TRUE,,2
헝헝,,,TRUE,,2
해용,,,TRUE,,2
해요,,,TRUE,,2
해오,,,TRUE,,2
해영,,,TRUE,,2
해아,,,TRUE,,2
한잔,,,TRUE,,2
한신,,,TRUE,,2
한대,,,TRUE,,2
한국,,,TRUE,,2
하죠,,,TRUE,,2
하우,,,TRUE,,2
하시,,,TRUE,,2
피토,,,TRUE,,2
프리,,,TRUE,,2
포당,,,TRUE,,2
파티,,,TRUE,,2
통기,,,TRUE,,2
탠데,,,TRUE,,2
타방,,,TRUE,,2
켜요,,,TRUE,,2
치요,,,TRUE,,2
촙촙,,,TRUE,,2
첫째,,,TRUE,,2
찹찹,,,TRUE,,2
쪽쪽,,,TRUE,,2
진대,,,TRUE,,2
직후,,,TRUE,,2
지칭,,,TRUE,,2
즉시,,,TRUE,,2
중일,,,TRUE,,2
중이,,,TRUE,,2
주무,,,TRUE,,2
좋을,,,TRUE,,2
좀요,,,TRUE,,2
정부,,,TRUE,,2
점요,,,TRUE,,2
전주,,,TRUE,,2
저요,,,TRUE,,2
저번,,,TRUE,,2
저렴,,,TRUE,,2
장타,,,TRUE,,2
작한,,,TRUE,,2
작아,,,TRUE,,2
자자,,,TRUE,,2
있질,,,TRUE,,2
입단,,,TRUE,,2
일아,,,TRUE,,2
일대,,,TRUE,,2
인용,,,TRUE,,2
인디,,,TRUE,,2
이후,,,TRUE,,2
이전,,,TRUE,,2
이웃,,,TRUE,,2
이요,,,TRUE,,2
이옹,,,TRUE,,2
이영,,,TRUE,,2
이루,,,TRUE,,2
이러,,,TRUE,,2
이랑,,,TRUE,,2
이대,,,TRUE,,2
이놈,,,TRUE,,2
으에,,,TRUE,,2
유요,,,TRUE,,2
유공,,,TRUE,,2
유가,,,TRUE,,2
월반,,,TRUE,,2
우연,,,TRUE,,2
우엉,,,TRUE,,2
우시,,,TRUE,,2
요산,,,TRUE,,2
요들,,,TRUE,,2
요금,,,TRUE,,2
요걸,,,TRUE,,2
와이,,,TRUE,,2
오직,,,TRUE,,2
오시,,,TRUE,,2
연관,,,TRUE,,2
여하,,,TRUE,,2
여자,,,TRUE,,2
여야,,,TRUE,,2
여아,,,TRUE,,2
업해,,,TRUE,,2
어선,,,TRUE,,2
어른,,,TRUE,,2
안온,,,TRUE,,2
안녕,,,TRUE,,2
아옹,,,TRUE,,2
아몽,,,TRUE,,2
아랑,,,TRUE,,2
싸요,,,TRUE,,2
신분,,,TRUE,,2
신기,,,TRUE,,2
식힌,,,TRUE,,2
식후,,,TRUE,,2
시퍼,,,TRUE,,2
시믄,,,TRUE,,2
시나,,,TRUE,,2
셋째,,,TRUE,,2
세용,,,TRUE,,2
선배,,,TRUE,,2
사절,,,TRUE,,2
뿌엥,,,TRUE,,2
분요,,,TRUE,,2
분열,,,TRUE,,2
분들,,,TRUE,,2
본드,,,TRUE,,2
보이,,,TRUE,,2
법이,,,TRUE,,2
법요,,,TRUE,,2
번호,,,TRUE,,2
백전,,,TRUE,,2
바람,,,TRUE,,2
미국,,,TRUE,,2
만국,,,TRUE,,2
마트,,,TRUE,,2
듯요,,,TRUE,,2
둘째,,,TRUE,,2
둘이,,,TRUE,,2
두시,,,TRUE,,2
된걸,,,TRUE,,2
되잇,,,TRUE,,2
돼요,,,TRUE,,2
도잘,,,TRUE,,2
도둬,,,TRUE,,2
더요,,,TRUE,,2
더드,,,TRUE,,2
닫다,,,TRUE,,2
다시,,,TRUE,,2
다면,,,TRUE,,2
다들,,,TRUE,,2
놨다,,,TRUE,,2
놔요,,,TRUE,,2
논거,,,TRUE,,2
노노,,,TRUE,,2
년식,,,TRUE,,2
네월,,,TRUE,,2
남자,,,TRUE,,2
남은,,,TRUE,,2
남아,,,TRUE,,2
날름,,,TRUE,,2
난후,,,TRUE,,2
나요,,,TRUE,,2
나아,,,TRUE,,2
나시,,,TRUE,,2
끌올,,,TRUE,,2
끄적,,,TRUE,,2
끄응,,,TRUE,,2
꺼요,,,TRUE,,2
까지,,,TRUE,,2
기요,,,TRUE,,2
그놈,,,TRUE,,2
구개,,,TRUE,,2
관련,,,TRUE,,2
관계,,,TRUE,,2
곱게,,,TRUE,,2
골골,,,TRUE,,2
계시,,,TRUE,,2
게요,,,TRUE,,2
게먹,,,TRUE,,2
거지,,,TRUE,,2
거죠,,,TRUE,,2
거용,,,TRUE,,2
거요,,,TRUE,,2
거야,,,TRUE,,2
거만,,,TRUE,,2
거랑,,,TRUE,,2
개요,,,TRUE,,2
같으,,,TRUE,,2
가유,,,TRUE,,2
가용,,,TRUE,,2
가요,,,TRUE,,2
가안,,,TRUE,,2
가명,,,TRUE,,2
가도,,,TRUE,,2
회,,횟수,FALSE,,1
페,,분유명,FALSE,임페리얼,1
팁,,조언,FALSE,,1
토,,구토,FALSE,,1
초,,초기,FALSE,,1
차,,개월,FALSE,,1
증,,증가,FALSE,,1
애,,아기,FALSE,,1
색,,색깔,FALSE,,1
빼,,빼다,FALSE,,1
변,,변비,FALSE,,1
번,,빈도,FALSE,,1
반,,시간,FALSE,,1
똥,,대변,FALSE,,1
떼,,떼다,FALSE,,1
달,,개월,FALSE,,1
단,,단유,FALSE,,1
녹,,녹다,FALSE,,1
깨,,깨다,FALSE,,1
길,,길다,FALSE,,1
궁,,분유명,FALSE,,1
격,,간격,FALSE,,1
개,,개월,FALSE,,1