,num,date,title,개월 수 추측어려움,group,month,text
0,1,2019.10.22. 17:52,비지엔젤 젖병이랑 유피스 신제품 젖꼭지,물품(젖병문의),5,,호환해서 쓰는 분 있나요?더블하트에 호환해서 쓰는데비싸고 일본꺼라서요유피스 신제품 젖꼭지가미니노어에는 안맞더라구요 흡착되고ㅠㅠ
1,2,2019.10.22. 17:51,뉴위드맘 무항생제위드맘,물품(분유문의),5,,두개 차이 아시는 분..? 지금 무항생제 위드맘 1단계 먹이는 중인데갑자기 2일 1똥싸네요ㅠㅠ 유산균도 따로 먹이는데도 그래요괜찮은건가요? 똥쌀때 힘들어보이진 않아요
2,3,2019.10.22. 17:50,안녕하세요 잘 안먹는아이 분유추천좀요,,3,5개월,5개월에 막 들어섰어요50일째때까지만 해도 엄청 잘먹었는데이후 70일 백일.. 먹는양이 계속 줄어요지금도 많이 먹어야 총량 700이고 800을 넘겨본적이없어요 ㅠㅠ오늘 검진다녀왔는데 아가가 작기도 작고천미리는 먹여야한다고 노력하라고 하시더라구요..배앓이로 센서티브먹이다 살찌우려고 코알라로갈아탔거든요 그래도 잘 먹진않네요..매일 180씩 타지만 130에서 170먹구요하루 다섯번 먹습니당.. 4시간텀이예요개인적으로 잘먹었던 분유좀 추천부탁드려요추천해보고 얘기해주시면 고려해서 분유선택을하고싶어요 부탁드립니다 엄마들~!!
3,4,2019.10.22. 17:49,수유양좀 알려주세요~~,,2,1개월,57일아가이고 5.4kg 혼합이예요 최대한 낮에 직수하려하는데 새벽에는 많이 빠는데 낮에는 물고만잇지 거의 빨지않아요 너무안먹는다싶어서 분유 먹이긴하는데 보통 몇미리 먹이시나요 잠도안자서 하루종일 물리고잇네요ㅠ
4,5,2019.10.22. 17:49,"살 ""안""찌는 분유 좀 추천 해 주세요. ",,2,2개월,제목 그대로 살찌는 분유 말구요 살 '안'찌는 분유 좀 추천 해 주세요. 오늘 예방접종하러 병원갔더니 이제 70일인데 몸무게가 7키로에요. 키는 61cm로 평균이더라구요. 워낙 먹성좋은 아기라 잘 먹어요. (지금 170~180) 그래도 수유텀은 3시간~4시간 지키고 어떤때는 5시간 잘 때도 있거든요. 분유량은 도저히 줄이지는 못하겠어요 ㅠㅠ 충분히 못먹으면 울고불고 경기일으킬정도로 자지러지거든요. 좀 살 안찌는 분유 없을까요?
5,6,2019.10.22. 17:48,모유수유 중 독감주사 맞아도 되나요?,예방접종(독감주사문의),5,,주사는 괜찮죠?
6,7,2019.10.22. 17:45,유축,유축시간간격,5,,보통 유축 몇시간애 한번씩 하시나요 ? 완모하신 어머님들 궁금해용
7,8,2019.10.22. 17:45,35일차 모유시 한쪽만 먹기ㆍ글고 짜증내요,,2,1개월,"현제 35일차고둘다를 빨면 양 괜챠는것도 같은데.각 70미리 정도?요즘엔 한쪽 중심으로 빠는 현상예요글고 배고파하는 느낌이;;;;(짧은 낮잠, 먹다 8분쯤 짜증 ㆍ울기)이모님이 한번 제가 자는중에분유 보충시 100가까이먹는다는데ㅡㅡ먼가 빠는게 귀챠나선가?유두혼동 인가? 별생각다 해는데요...(쪽쪽이도 암 생각없이 생후 28일부터 시작)어제 소아과 의사는 쿨하게 괜챤다부족할 시 분유먹여라 하네요결론은한쪽만 중심으로 빨고 다른쪽 빨다 뱉거나 우는게이상해서 지켜보는 중예요ㅠ 이유가 멀까요ㅠㅜ"
8,9,2019.10.22. 17:38,혼합수유에서 분유수유만 하려면 어떻게 해야하나요?,분유수유방법,5,,"혼합으로 해서 소화 안될까봐 하루에 4번정도 분유보충해요. 집 체중계로 재봤을때(애기안은 몸무게-내 몸무게=아기몸무게)일주일만에 500그람이 늘었는데 너무 시도때도 없이 모유를 줘서 그런가, 이렇게 달라그럴때마다 먹여도 되나 싶어요.멱은지 얼마 안됐는데 또 주고 또 줘도 되는건지..대부분 애기들이 그렇겠지만 조금이라도 배가 안차면 울고불고 난리라서 지금도 거의 한시간째 젖 물리고 있어요..그래서 그냥 텀이 좀 확실하게 계산되는 분유수유로 바꿀까 마음이 심히 오락가락 하거든요ㅠ혼합에서 분유만으로 하려면 그냥 모유수유 횟수 줄이고 그 대신 분유한번 섭취량 계산해서 주면 되는걸까요?"
9,10,2019.10.22. 17:37,젖꼭지 사이즈,,2,2개월,71일 남아에요 35일쯤부터 s 사이즈 사용 했구요 요즘 맘마먹으면서 용쓰기도 많이하고 젖꼭지를 오물오물 씹고 장난쳐요 오늘은 ㅠㅠ 짜증을 엄청 내면서 먹더라구요 보통 그러면 사이즈를 바꿔주라는데 아직 ㅠㅠ 옆으로 조금씩 세는거보면 잘 나오는거 같고 꿀꺽꿀꺽 하는데 ㅠ 먹는 시간이 더 오래걸리네요 젖꼭지 사이즈 바꿔야하나요 모유실감 쓰고 있어요
10,11,2019.10.22. 17:33,힙 분유 게어냄이 심해요ㅜ,,3,3개월,"조리원에서부터 임페리얼먹이다 변비, 녹변, 코로 토함-> 노발락 스테이지1 , it 섞여 먹임 - 게워냄은 덜하나 녹변에 아가가 변보는 것을 많이 힘들어함ㅜ 덩어리 녹변-> 힙 콤비로 바꿈. 국내용 2통먹이다 직구 힙프레 오늘 처음 먹임 지금 117일 되었구요 임페리얼-노발락- 힙  이렇게 바꿨는데 힙이 게워냄이 유독 심하네요ㅠ 변은 황금변이라 일단 먹이는데 힙 국내용 먹일대는 순두부토만 하다가 직구한 힙프레로 바꾸니 먹자마자 순두부토에 눕혀놓으니 물토 하고 난리네요ㅜㅜ  물토는 처음이에요..힙 분유가 원래 게어냄이 심한건지..성분이 안맞는건지맞는 분유 찾는게  참 어렵네요ㅜ혹시 저랑 비슷한 상황인 맘님 계시나요? "
11,12,2019.10.22. 17:31,소화시키는 시간이 긴 아가ㅠㅠ,,2,2개월,78일된 아기 분유때문에 너무 힘드네요..소화를 못 시켜서 분유바꾼게 지금 4번째에요ㅠ지금 코알라분유 먹이다 힙 프레로 바꾸고있어요오늘이 4일차네요..하루 4번 수유를 해서 코알라 2번 힙프레 2번 이렇게 먹이고있는데 아기가 아직도 소화를 힘들어하는거 같아요한번 수유할때 180ml 수유텀 4시간~4시간30분인데수유를 다하고 트림하고도 20분을 안고있어요이걸 다음수유텀 4시간30분까지 반복해야되요..ㅠ 베베꼬고 울고 트림하고 내려놓으면 또 베베꼬고..근데 문제는 180ml를 먹고도 더 먹고싶어서 울어요..170먹이다가 180으로 수유량 늘린지 5일_는데 또 늘려도 되련지..ㅠㅠ소화시키는 시간이 더 오래 걸릴까 겁나네요ㅠㅠㅠㅠ저희애같은 아기 키워보신 어머니들 도와주세요ㅠㅠㅠㅠ
12,13,2019.10.22. 17:25,수유중 젖뭉침 ?,약복용문의,5,,오전엔 괜찮았는데 오후 수유하다가 가슴이 아파서 봤더니 뭉침이 있더라구요따뜻한 물로  풀어도 안되서 병원에 갔더니약간의 염증때문이라고 막혀서 구렇다는데 이 약 복용 해도 된다고 하는데 괜찮을까요 ?
13,14,2019.10.22. 17:18,혼합인데 모유수유가 힘들어요ㅜ,,2,1개월,45일차에 교정 7일 아기인데조리원서 혼합하다 집에서 완모로 하던중황달이 계속 안잡혀서 분유먹이다 일주일전부터혼합하고 있어요 분유먹일때도 게워냄이랑 분수토가 많아센서티브로 바꾸고 조금 괜찮아졌는데 모유를 소화시키기 어려워하는것 같아요ㅜ첨에 냉동된 초유 먹였다 분수토를 계속하길래 일단 유축수유는 중단했고직수로만 다시 시작해보니 수유텀이 거의 한시간이나 두시간이에요ㅜ 근데 먹는거는 양쪽 20분씩 40분 정도를 무니..분유는 120먹이고 모유양은 160정도나와서충분할것같은데 제대로 못먹는 느낌이에요 그러다보니 보충은 보충대로하다보니하루 먹는양이 분유 560에 수유200분 찍었어요 한시간씩이라도 계속 물리면 텀 맞춰질까요?모유양은 충분한것 같아 완분하긴 아쉬웠다가분유먹고 텀이 3 4시간 지켜지는거보면갈등 됩니다ㅜ
14,15,2019.10.22. 17:05,분유 온도요.,물품(분유타는 방법),5,,분유포트로 100도 까지 끓여서 40도로 타주는데요.40도 너무 차가울까요?조금 더 온도 높여서 타주는게 좋을까요?
15,16,2019.10.22. 17:04,단유 해야하는데 맘이 안좋네요 ㅠㅠ,,2,1개월,조리원에 있을때까지만 해도 유축도 제때하고 모유량도 조금씩 늘었었는데 조리원 퇴실하고나서 집에서는 모든게 서툴어서직수 시도하다가 아기가 울고 보채면 분유주고 ㅜㅜ 피곤해서 유축도 제때 못했더니 출산한지 한달됐는데 모유가 이미 말라버렸어요... 가슴크기도 확 줄고 유축 안해도 많이 아프지도않고유축하면 10-20cc정도 나오네요 ㅜㅜ그 정도 양을 먹이자고 독박육아하는 제가 음식도 잘 챙겨먹으려니 그것도 스트레스네요 ㅜㅜ어쩔 수 없이 단유해야하는 상황인데배고프거나 보챌때 아기가 엄마쭈쭈찾는게 맘이 아프고 미안하네요 ㅠㅠ 저만큼 모유수유 짧게하신 분도 계시겠죠?ㅠㅠ
16,17,2019.10.22. 17:03,아기가 한쪽을 못물어요.,,2,1개월,생후 35일 아기입니다.보호기 사용하다 28일째부터 떼기 시작했어요.오른쪽은 유두가 짧지만 그래도 있는편이라 한번에 잘 물고 매번 잘 먹어요.왼쪽이 유두가 거의없는 편인데 아예 못무네요ㅠ젖이 차도 왼쪽은 항상 말랑하고 오른쪽만 단단해지거든요. (유축하면 오른쪽양이 더 많지만 그래도 비슷하게는 나와요.)왼쪽은 유두도 짧은데 말랑하고 가슴이 봉긋하지 않고 퍼져있는 모양새라 꼭 무슨 물풍선을 입에 문거마냥 입에서 허우적대다가 그냥 빠져버려요... 콱 물었을때 압이 걸려야 쭉쭉 빨텐데ㅜㅜ 몇번을 시도하다 애기 울리고 진땀빼놓고 결국 보호기 물려서 먹이고 있어요.  이젠 갖다만 대도 아는건지 안물려고 하네요ㅠ이런경우엔 어떻게 해야할까요? 빠는힘이 더 생기면 그땐 왼쪽 가슴도 물어주는 걸까요...
17,18,2019.10.22. 16:49,신생아 밥 달라고할때마다 줘도되나요?도와주세요,,1,0개월,이제조리원퇴소했어요..2시간 텀인데 조리원에선80먹었는데 집에오니 100도 먹더라구요..지금 모유 분유 혼합중이구요어제부터 산후도우미 이모님오셨는데 밥 달라고할때마다 주면 엄마 죽어난다구 조금 씩 늘러야엄마가 편하다구..애기가 밥달라고 찡찡대도 좀 나중에 주세요 ㅠㅠ전 찡찡대는걸 못 보겠는 초보맘이구요 ㅠㅠ(낮엔찡찡대느랴 잠을 안자고..밤엔 제가 그냥 주니까 잘자요..)이모님 말씀을 따르는게 좋을까요???아 모유는 90-100먹이시는데분유는 아직 소화못할수도있다고 100주지말고80주라고도 하셔요..맞나요?
18,19,2019.10.22. 16:40,완모에서 혼합으로 넘어가려해요.,,2,2개월,아기는 75일차입니다.출산휴가 끝나고 복직예정이라하루에 2~3번은 분유 먹여야 할거같아서요.분유 처음에 어떻게 시작해야할까요.하루에 수유 6~7번하는데하루에 한번씩부터 점차 늘려가야할까요아니면 직수후 보충으로 조금씩 먼저 줘봐야 할까요
19,20,2019.10.22. 16:35,퓨어락 먹이시는분들,유산균,5,,분유 퓨어락 먹이시는분들 유산균따로 또 먹이나요~?
20,21,2019.10.22. 16:32,모유수유 게어내는 아기,토(모유수유후 게어냄),5,,모유만 먹으면 잘 게어내는데 그런 아기 잇나요?트름을 시켜도 꼭 게어내요 ㅠㅠㅠㅠㅠㅠ
21,22,2019.10.22. 16:31,오랫만에 유축을했는데..ㅠㅠ 허탈해요,,2,1개월,와...한달동안 열심히 새벽에도낮에도 직수했는데양이 하나도 안늘었네요 ㅠㅠ양쪽 총 30분했는데겨우 70나왔네요 많이 나올땐 80까지나왔는데..ㅠㅠ직수후에 아기가 배고파하면 분유100씩보충해줬고 직수만해도 2시간씩 자기도했는데..허탈하네요 하하 ㅠㅠ
22,23,2019.10.22. 16:24,44일된 아가 수유양좀 봐주세요,,2,1개월,불과 지난주 까지만 해도 120먹이면 2시간 30분에서 3시간 거뜬햇는데 이번주 되자마자 140을 줘도 2시간이 안넘어가네요..? 그래서 어제는 처음으로 1125나 먹고 ㅠㅠ 병원에선 지금은 1000넘게 줘도 될때라고 달라는대로 주라고 하긴 했는데 이러다간 제가 죽겠지 싶네요 ㅠㅠ 잠도 못자고 ㅠㅠㅠㅠㅠ 2시간을 못넘기는건 애가 양이 부족하다는 뜻일까요..? 더 줘도 되려나요 ㅠㅠㅠ 보통 이때쯤엔 1회 얼마정도 먹이셔요?
23,24,2019.10.22. 16:22,130일 아가,,3,4개월,오늘이 130일이구요하루  다섯번 수유해요가끔 네번일때도 있구요네번이면 680정도다섯번이면 평균 840인데적당한 양인가요?적은거 같기도하고 많은거 같기고하고초보맘이라 더 먹여야 하는지 덜 먹여야 하는지잘 모르겠어요
24,25,2019.10.22. 16:22,단유할건데 수유텀이요!,,3,5개월,원래도 6개월까지가 목표이긴 했지만요 몇일 아프고 잘 못먹어서 양도 준대다가오늘부터는 항생제를 먹어야해서 갑자기 강제 단유 하게 _어요 아기는 5개월 10일이고원래는 5시 8시반 12시 3시반 6시(직수)          8시 막수(240 분유)이렇게 먹었는데요완분 먹이면8시 12시 4시 8시 이렇게 네번 240씩 먹여야 하나요?아님 쪼개서 240 170 170 170 240다섯번 먹이나요? 이유식 시작 한지는 4일 되서 거의 안먹는다 봐야해요  아직 밤수 하는 아기인데 이제 밤에도 주면 안되는거죠?
25,26,2019.10.22. 16:16,자느라 꿈수도 안먹는 완분 아기ㅜㅠ,,2,2개월,안녕하세요저희애가 50일쯤부터 새벽에 안깨고 잘 잤어요너무 고맙게도 11시부터 6시정도 까진 풀로 자더라구요 갑자기..근데 넘 안먹어요ㅠㅠ 지금 70일 좀 넘었는데많이 먹을땐 750..아님 600 정도 밖에 총량이 안되구요이모님 계실때 30일쯤에는 천도 넘어보고 구백정도는 계속 먹었는데잠을 잘 자기 시작하니까 낮에도 먹다 자고 밤에는 풀잠자구요ㅜㅜ한번에 먹는것도 끽해야130 이에요ㅜㅜ지금은 오스트리아 힙 먹는데달달한 국산분유 여러개 돌아가며 한통씩은 먹여봤는데 늘 똑같아요액상도 마찬가지로 진짜 많이 먹어야 140 정도..젖꼭지도 바꿔보고 젖병도 바꿔봤는데 늘 똑같네요..제가 너무 많이 이것저것 시도해봐서 그런걸까요?그런거 치고는 결과치가 너무나 똑같아서요ㅠㅠ예정일 넘게 태어난 아기라 3.6에 낳았고 지금 6.3 키로인데몸무게 잘 늘고있으니 총량에 집착하지 말고 그냥 130씩 네시간 텀으로 주면 될까요?첫째는 더달라고 난리였는데 얘는 잠들면 꿈수도 안되고 그냥 아예 안먹어요ㅠㅠ 분유남긴거 버리는 기분 정말 좋지않네요ㅜㅜ방금도 3시간만에 우유 _는데 80미리만 먹고 딥슬립...반넘게 남았는데 아까워 죽겠어요웃긴게 130태우면 더먹을듯이 짭쩝거려서 한스푼 더 대령하면 안먹고다음타임에 150타주면 100정도 먹고 안먹어요...짜증 ㅠㅠㅠㅠ
26,27,2019.10.22. 16:15,유방 트러블시 마사지 몇 번 받으세요?,가슴마사지,5,,며칠째 한쪽 가슴이 뭉쳐서 오늘 마사지 받았는데요뻥 뚫어지니 속 시원하네요 ㅋㅋㅋㅋ관리하시는 분은 2번은 받아야 한다며 내일 또 하자는데8만원 ㅜㅜ 넘나 비싸서...전 오늘 좀 풀렸으니 직수해도 될 거 같은데.다른 분들은 관리하시는 분 말씀처럼 여러번 받으시나요?오늘 유두에 하얗게 낀 거 다 뺐네요.노란 고인 모유가 콸콸 ㅜㅜ 속시원해요
27,28,2019.10.22. 16:07,혼합수유 잘하고있는게 맞나요 ㅠㅔ,,2,1개월,현재 33일 아가구요보통 모유먹이고 (수유텀은 불규칙해요ㅠ보텅 1시간에서 2시간)밤 12시쯤 저 자기전에 분유 100ml먹이고아침에 일어나서 엄마가 봐주실때 분유 100ml 먹여서하루 두번정도 (외출시엔 세번까지)분유를 먹여요분유는 2시간텀 이상은 지키려고하구요근데 이게 어디서 배우거나 한게 아니라저 편하자고 한거거든요새벽에 2시간씩이라도 자려고..이렇게 해도 괜찮은지..나중되면 모유건 분유건 하나만 아기가 택한다는게뭘 기준으로 택하는건지그 시점은 언제쯤인지 궁금해요아기가 잘만 자주면3개월에서 6개월정도는 모유 먹이고싶거든요ㅠ
28,29,2019.10.22. 16:07,아이엠마더 방구냄새..,,2,2개월,80일 아기인데 조리원에서부터 지금까지 아이엠마더 1단계 먹이고 있어요특별히 거부반응 없고 아픈데도 없는거같아서 계속 먹이고 있는데 방구 냄새가 지독해요...분유 때문인지 원래 아가들 방구냄새가 지독한가요?혼합수유중이고 (분유는 보충이나 막수때만)해외분유로 갈아타고싶은데 바꾸기가 번거로워서 그냥 먹이고 있거든요 ㅜㅜ
29,30,2019.10.22. 16:06,어떻게 하면 괜찮아질까요?,,2,1개월,40일정도된 초보맘이에요.모유3분유7정도 혼합중인데 처음조리원에서먹던 분유는 변비가와서 위드맘100으로바꾼지 2주지나가는데 배가부글부글거리고 가스가 엄청차요 방귀도 많이나오구요.젖병은더블하트 s쓰고있구요.유산균도먹여봤지만 효과가없고 가스차는건 뭐가 문제일까요? 힘들어하는 아기볼때마다 안쓰러워요.혹시분유때문이면 다시바꿀 경우 아기적응하려면 더 힘들겠죠?
30,31,2019.10.22. 16:05,압타밀에서 벌레...후,,2,2개월,오늘 분유통 깟고..150 타서 한창 먹이는데 머가 둥둥 떠다녀서 보니 벌레... 바로 애 먹는데 뺏네요여러분유 바꾸다 젤 맞아서 먹이는데 벌레가 나왔어요ㅜㅜ 성충은 아닌 듯 한대...저 한통 다 버려야 하나요?외국 분유라 어디 컴플레인도 막막하네요+D73
31,32,2019.10.22. 16:02,압타밀 프로푸트라 프레부터 쭉 먹여보신분?,,2,1개월,50일 완분아가 인데 국내분유는 녹변 너무심해서압타밀 먹이고 황금똥 보고있어서 압타밀 정착하려구요지금은 많이 잡혔는데 토도 한번씩 하는 아기라프레부터시작했는데 밤에는 적게먹고도 잘자는데 낮에 수유텀보다 일찍 배고파해서요..검색하다보니 프레보다 1단계가 칼로리가 높아포만감이 높다는데 낮에는 1단계 먹이고 밤에는 프레를먹이면 안되나요? 혹시 이렇게 교차해서 먹여보신분ㅜㅜ
32,33,2019.10.22. 15:58,젖거부인가요?,모유거부,5,,애가 어제부터 갑자기 울때 달래도 울어서 젖을 줬더니 몸부림하면서 안먹을려고해요밤엔 직수로 잘먹는데 낮엔 직수로 될때도있지만 분유먹인 다음직수로 하고있어요...분유로 키우는게 좋은건가요?이제 지_어요..모유수유는 어려운것같아요
33,34,2019.10.22. 15:58,설사는 잡혔는데 변횟수는 그대로,,3,4개월,설사 한달가량 계속되어 노발락 AD먹은지 일주일넘었어요  정상변으로 돌아오긴했는데 변보는 횟수는 그대로네요~140일아기 하루 분유 5~6번 먹는다치면 3~4번은 변을 봐요한번에 먹는양이 많아 그런가 해서 줄여서 줘도 마찬가지 여러번 변을 봐요~먹이던 분유로 돌아가도 될지 병원을 가봐야될지..판단이 안서네요ㅜㅜ
34,35,2019.10.22. 15:53,수유텀 늘리기 위한 분유보충하는건 저의 욕심?,,2,2개월,"  안녕하세요61일 남아인데요 3.5로 태어나 현재 6키로 입니다무럭무럭 크는 중인데 별일 없으면 완모를 하는데수유텀이 짧으면 2시간 보통 2시간반 이에요수유텀을 길게 하고 싶어서 분유보충을 할까 싶은데직수하고 입술 톡톡 치면 반응이 별로 없고 ㅠ분유 보충할려고 하면 잘 안먹다가 2,30분 후에 다시 분유보충 시도하면 먹더라구요잘 성장하고 있고 수유텀 늘리는게 제 욕심인거 같기도 하고...그러다가 수유텀이 길어야 제 개인시간이 늘어나는거니 정신건강?에 좋아야 애기한테도 잘한다 라는 생각도 들고 ㅠㅠ여러분들은 어떻게 하시겠어요??또는 어떻게 하고 계신가요?  *추가로 수유시간은 10~15분입니다(깨우고 트림하고 합쳐서 길어야 30분?) 더 먹일려고 입에 유두를 넣어도 안빨아요ㅠ                   "
35,36,2019.10.22. 15:53,직수 안하고 유축만으로 100일까지 가능할까요?,,1,0개월,지금 조리원 생활중인데 젖꼭지가 작아서 유두보호기 없이는 애가 물지도 않고 젖병으로 주다보니까 직수는 용을쓰면서 울더라구요ㅠ매번 진땀흘리면서 아가도 저도 스트레스 받는것도 힘들고..그래서 유축해서 먹일까 하는데..직수 없이 100까지 유축으로만 먹여도 괜찮을까요?아님 좀 더 인내심을 갖고 직수를 해봐야 할까요?ㅠ
36,37,2019.10.22. 15:48,아기가 쭈쭈먹을때 몸을 가만히 있지 않아요,,3,3개월,100일된 남아가 있는데요~이제 좀 보이기 시작해서 그런지쭈쭈먹을때 가만히 있지않아요몸을 막 베베꼬꼬 거의 서서 먹이고 있어요ㅠㅠ 남자애라 그런걸까요?
37,38,2019.10.22. 15:42,"수술 3일차인데, 모유수유 내일부터 시작해도 될까요?",,1,0개월,일요일 새벽에 출산해서 오늘 수술 3일차구요오늘부터 애기 데려와서 물려보려 했는데빈혈에 훗배앓이에 설사에 컨디션이 너무 안 좋아서내일부터 하고 싶은데..4일차까지 기다려도 젖도는거에 문제 없을까요?아직 가슴이 아픈 느낌은 없어요 ㅠㅠ유두 건드리면 노란색 투명한색 유즙같은것들이 쫌 나오구요. 4일차에 시작해도 늦지 않겠죠...?
38,39,2019.10.22. 15:42,모유수유 문의드려용,모유양부족,5,,혼합수유 하다가제 모유가 그닥 영양없어보이고ㅠ저도 그동안 먹고싶은거 다 먹어보고싶어서모유 끊고 분유만 줬었어요구러다보니 모유량이 유축해서 보면 엄청 줄었고가슴도 예전에 젖많이돌때는 단단했는데이제 그렇지도 않구요ㅠ군데 모유는 아예 마르진 않았어요문득 사촌언니가 왜 모유안먹이냐고모유가 좋은건데 하면서 다시 먹이라고 그러다보면젖양이 늘거라고 하는데예전에 모유가 100ml 정도나왓눈데이제 한 40? 정돈데 과연 다시 늘까요...?
39,40,2019.10.22. 15:40,힙분유 단계 넘어갈때요,,3,5개월,힙분유 1단계 먹이고 있어요지금 5개월 조금 넘었는데 1단계를 6개월까지 먹이잖아요그럼 2단계는 7개월부터 시작하는 건가요..?6개월 째에 바꾸는 건지6개월을 채워도 되는지 모르겟어요ㅠㅠ
40,41,2019.10.22. 15:39,조리원퇴소.. 유축기 사야하나요?,,1,0개월,조리원 퇴소 후직수하려고 했는데. 쉽지가 않네요. 젖은 차서 가슴은 땡땡해지고 아기는 10분 먹고 자고...지금이라도 유축기 사야할까요? ㅜㅜ추천해 주실만한것 있으면 추천해주세요. 안그래도 양도 적은데...
41,42,2019.10.22. 15:35,스타벅스 디카페인캡슐 카페인함양 아세요?,음식문의(커피),5,,네스프레소 디카는 2-4mg인데스타벅스 캡슐은 맛이 더강하고 카페인이 더 될것같아요정_하게 아시는분?
42,43,2019.10.22. 15:31,겨드랑이에 큰 몽울들 ㅠㅠ마사지 받아야 하나요?,가슴(겨드랑이멍울),5,,오늘 샤워하다가 양쪽 겨드랑이에딱딱한 몽울들이 엄청 생겨서 깜짝 놀랬어요가슴은 안뭉쳤는데 겨드랑이가 엄청 ㅠㅠ젖은 도는데 애기가 일찍나와서 빠는 힘도 약하고 몸무게도 적게 나가서 그런지ㅠ아기가 잘 못빨어서 그런걸까요..?이거 마사지 받아야 없어지는건지 ㅠㅠ
43,44,2019.10.22. 15:30,생후 37일 완모) 수유텀이 짧아 지기도 하나요? ㅠㅜ,,2,1개월,수유텀이 1시간-1시간반이였어서 2시간-2시간반으로 텀 간신히 만든지 4-5일 _어요~ 오늘따라 1시간반마다 배꼽시계가 울리는지 달래고달래도 안되네요.. ㅠㅠㅠ 다시 텀이 짧아진걸까여?
44,45,2019.10.22. 15:23,완모 중 쪽쪽이 쓰는 분들 질문이요,,3,4개월,완모중이구요 70일 정도 부턴가 쪽쪽이 사용했는데...처음부터 잘 물어서 재울 때 주로 사용하고 너무 울면 달랠때 가끔 사용해요. 지금 140일 4개월인데요밤잠잘 때 보통 7시간정도 쭉 자는데 가끔 중간에 깰때는 푹 자라고 쪽쪽이 물려주면 다시 물고 금방 잠들어서 몇시간 더 자요길게 푹 자는게 중요하다 그래서 가끔 이 방법 쓰는데..배고파서 깬걸 쪽쪽이로 재우는게 괜찮나 싶은 생각도 들구요모유는 분유보다 소화가 잘되다보니 문득 고민이 되네요어떻게 생각들 하시나요?
45,46,2019.10.22. 15:15,모유수유동안 음식이요,"음식문의(알코올, 카페인 등)",5,,모유수유 동안에 카페인이랑 알콜만 금하면 되나요  맵고 짜고 이런건 조절해가면서 먹으려구요ㅠ 너무 제한하면 힘들것같아요 따로 가리는 음식 있으신지 궁금해용
46,47,2019.10.22. 15:07,성장기용 조제식이 조제분유인가요?,,4,8개월,8개월 직수단유하고 분유로 가려합니다.조제유 성장기용 조제식이 다른건가요?순산양유아식으로 먹여도 괜찮은가요?너무어려워요ㅜㅜ
47,48,2019.10.22. 15:07,23일차 신생아 혼합수유 맞게하고 있나요?,,1,0개월,아기 먹는 양에 비해 젖양 부족유축하면 유선들이 잘려나가는 느낌? 이라 유축도 못하고분유로 보충해요2시간~2시반텀으로양쪽5분~10분씩 물리고 바로 분유100  보충해요맞는방법인가요?젖마를때까진 모유 먹일생각인데그 전까진 계속 이 방법으로 먹여도 되나요?
48,49,2019.10.22. 14:49,단유중에 원래 엎드리면 가슴이 아픈가여?,단유후 가슴통증,5,,아이 안 물린지는 6일째마사지 3회 받앗는데엎드리질 못하겠는데ㅠㅠ수유 중에는 그래도 아기가 먹고나면 엎드렸던거 같은데ㅠ 원래 단유해도 처녀때처럼 가슴이 완전히 비지는 않나봐요...
49,50,2019.10.22. 14:46,혼합수유 중 분유 갈아탈때요,물품(분유문의),5,,"안녕하세요 하루수유중 모유 유축한거 8, 노발락 2 비율로 혼합수유중인데요아가변이 녹변이 계속나와서 분유를 바꿔보려고 (홀레로요) 하는데 그냥 기존에 해왔던대로 바꾼분유 끼워넣으면 될까요?"
50,51,2019.10.22. 14:45,아이엠마더에서 힙분유로,물품(분유문의),5,,아이엠마더에서 힙분유로 바꿔보려고 하는데요 3일 걸쳐서 2:11:11:2 이렇게 바꾸면 되나요?!
51,52,2019.10.22. 14:43,갑자기 많이먹어도 되나요?,,3,3개월,108일 아기구요 뱃골이 작아 몇일전까지만해도 100-120먹던앤데백일 딱 되자마자 170을 한번 먹더니가끔 진짜 가끔 200을 먹고 아깐 낮잠자고 일어나 항상 타주는만큼 타서 줬는데울어서 모자란가 싶어 더 타주니 240을 먹네요...... 잘 먹어줘서 고맙다가도 이렇게많이 먹어도 되나.. 싶고 ㅋㅋ괜찮은건가요???? 아직 수유양이 들쑥날쑥해여 ㅠㅠ수유텀은 세시간 이상으로 지키고있습니당
52,53,2019.10.22. 14:42,단유약 질문,단유약 문의,5,,자연단유가 잘 안돼서 그런데단유약 많이 안 좋나요?ㅠㅠ
53,54,2019.10.22. 14:40,"한쪽은 직수, 한쪽은 유축",,1,0개월,"태어난지 9일차구요현재 조리원에 있어요한쪽 유두가 짧아 쭈쭈젖꼭지 사용연습 중이구요,한쪽은 쓰고, 한쪽 안쓰면 아기가 혼동온다고 다 쓰라고하더라구요한달정도 지나면 아기가 힘이 생겨 사용없이도 직수할수있데요근데...쭈쭈젖꼭지 너무 불편해요ㅠㅠ유두 짧은 부분만 유축하고, 한쪽은 직수해도 괜찮을까요..?ㅠㅠ"
54,55,2019.10.22. 14:40,33일차 아기 수유횟수 다들 이러신가요..?,,2,1개월,"아침부터 3-4시까진 진짜 젖꺼내놓고 사는거같아요 한번 수유할때 한쪽가슴만 10분정도하구요 진짜 길면 20분 물어요 드물지만요.기저귀는 하루 15-17개정도 나오구요 대변은 황금변으로 3-4일에 한번 오지게싸요 분유는 밤12시 새벽1시 사이 120ml한번 주는데, 이시간에는 아가도 아는지 젖 안물고 분유찾아요 이시기엔 다들이렇게 수유 자주 하는게 맞는지 제가 잘하고있는건지 궁금해요 아가 몸무게는 현재 4.59kg에요 (남자아이)도와주세요 ㅠ ㅠ 저 수유 이렇게해도 되는거에요? 언제쯤 텀이 길어지고 아기도 충분히 먹는건지 알려주세요.."
55,56,2019.10.22. 14:29,퓨어락 어떤가요?,물품(분유문의),5,,광고가 좀 많은거 같아서 실제 어떤지 궁금해요영양 성분이 좋던데 그래서 끌리는데 실제 뉴질랜드에서는 없는 분유 맞지요?그럼 국내에서 포장해서 생산을 하는건가요?둘째 분유 준비를 해놓으려니 궁금해서 글 남겨요
56,57,2019.10.22. 14:20,신생아 분유 추천해주세요,,1,0개월,조리원에서 혼합 수유중이에요!!병원에서는 아기가 신생아중환자실에 있으면서앱솔루@를  먹다가조리원 오면서 남양 임페@얼xo를 먹고 있어요내일이면 집으로 가는데바로 다른 분유로 바꾸면 아기가 힘들어 하겠죠?지금 변 상태도 좋고 해서 그대로 먹여야 하나 고민되네요임페@얼은 이물질 기사랑 후기가 많아서요ㅠㅠ다들 신생아 분유 어떻게 먹이고 계시나요
57,58,2019.10.22. 14:20,젖이 너무 많이나와 용쓰며 먹는아기ㅠㅠ,,1,0개월,젖이 많이 나와도 고민이에요..3주 아가 2~3시간텀 직수중인데요 ㅠㅠ먹으면서 너무 젖이 많이나오니깐 화내면서 울면서 먹어요. 그리고 젖을 물고 쪽 뺐다 넣었다 하니깐 젖꼭지가 넘 아프네요 ㅠㅠㅠㅠㅠ 안그래도 아파죽겠구만..밥만먹어도 젖이 스프레이쏘는 정도인데유축하면 젖이 좀더 천천히 적게 나올까요??유축 한번도 안해봤어요 기계도 안샀네요 아직..ㅋ
58,59,2019.10.22. 14:10,수유 세시간텀인데 아기가 자면 어떻게 하시나요?,모유수유방법(아기수면중),5,,수유 텀이 3시간 텀인데 수유시간에 아기가 깨워도 안 일어나고 입에 가져다 대도 안 물면 젖은 어떻게 빼내시나요?그냥 두다가 아이가 일어날때까지 두시나요..?아니면 유축으로 빼나요?
59,60,2019.10.22. 14:09,완분아기 노발락+명작 먹고 끄응 아저씨 소리내요...,물품(분유문의),5,,노발락ac랑 명작 교차 수유중인데 노발락먹고나선 괜찮은데 명작먹고나서는 자다가 계속 엄청 끄응대면서 아저씨소리내요ㅠㅠ 명작이랑 안맞는걸까요???
60,61,2019.10.22. 14:09,직수하면 유축안해도 괜찮나요?,,1,0개월,출산 7일차가슴이 안_려서인지 양이 많지 않아서 분유 혼합 하면서 세시간마다 유축해왓는데요어제 마사지 받고 좀 뚫려서 그런지 직수 할때 오래 질 빨더라구요유두혼동와서 직수 거부하기전에 젖병으로 안주고 그냥 울때마다 물리려고하는데 텀이 30분에서 1시긴 되는거같아요ㅜ 정상인가요? 분유로는 세시간도 넘기긴햇는데 ㅜ 혹시 직수로 한시간 간격으로 잘 물려서 먹여도 계속 세시간마다 유축해야하나요?? 먹이고나면 나오는게ㅜ없을거같은데..
